Name,Tier,rare,elite,eliteonly,ilvl,maxlevel,frequency,plvlreq,group,mod1code,mod1min,mod1max,mod2code,mod2min,mod2max,mod3code,mod3min,mod3max,itype1,itype2,itype3,itype4,itype5,itype6,itype7,etype1,etype2,etype3,etype4,etype5
Accuracy,,,,,,,,,,,,,,,,,,,,,,,,,,,,,,
,1,,,,,,,,,,,,,,,,,,,,,,,,,,,,,
,2,,,,,,,,,,,,,,,,,,,,,,,,,,,,,
,3,,,,,,,,,,,,,,,,,,,,,,,,,,,,,
,4,,,,,,,,,,,,,,,,,,,,,,,,,,,,,
,5,,,,,,,,,,,,,,,,,,,,,,,,,,,,,
,6,,,,,,,,,,,,,,,,,,,,,,,,,,,,,
Strength,,,,,,,,,,,,,,,,,,,,,,,,,,,,,,
,1,1,1,0,1,,10,,2,str,1,3,,,,,,,jewelry,,,,,,,,,,,
,2,1,1,0,6,,9,,2,str,4,7,,,,,,,jewelry,,,,,,,,,,,
,3,1,1,0,20,,8,,2,str,8,11,,,,,,,jewelry,,,,,,,,,,,
,4,1,1,0,40,,7,,2,str,12,15,,,,,,,jewelry,,,,,,,,,,,
,5,1,0,0,73,,6,,2,str,16,20,,,,,,,jewelry,,,,,,,,,,,
,6,0,0,0,88,,5,,2,str,21,25,,,,,,,jewelry,,,,,,,,,,,
,,,,,,,,,,,,,,,,,,,,,,,,,,,,,,
,1,1,1,0,1,,10,,2,str,1,3,,,,,,,melee weapons,,,,,,,,,,,
,2,1,1,0,9,,9,,2,str,4,7,,,,,,,melee weapons,,,,,,,,,,,
,3,1,1,0,24,,8,,2,str,8,11,,,,,,,melee weapons,,,,,,,,,,,
,4,1,0,0,55,,7,,2,str,12,15,,,,,,,melee weapons,,,,,,,,,,,
,5,0,0,0,65,,6,,2,str,16,20,,,,,,,melee weapons,,,,,,,,,,,
,,,,,,,,,,,,,,,,,,,,,,,,,,,,,,
,1,1,1,0,1,,10,,2,str,1,3,,,,,,,armor,,,,,,,,,,,
,2,1,1,0,10,,9,,2,str,4,7,,,,,,,armor,,,,,,,,,,,
,3,1,1,0,28,,8,,2,str,8,11,,,,,,,armor,,,,,,,,,,,
,,,,,,,,,,,,,,,,,,,,,,,,,,,,,,
,,,,,,,,,,,,,,,,,,,,,,,,,,,,,,
Dexterity,,,,,,,,,,,,,,,,,,,,,,,,,,,,,,
,1,1,1,0,1,,10,,3,dex,1,3,,,,,,,jewelry,,,,,,,,,,,
,2,1,1,0,6,,9,,3,dex,4,7,,,,,,,jewelry,,,,,,,,,,,
,3,1,1,0,20,,8,,3,dex,8,11,,,,,,,jewelry,,,,,,,,,,,
,4,1,1,0,40,,7,,3,dex,12,15,,,,,,,jewelry,,,,,,,,,,,
,5,1,0,0,73,,6,,3,dex,16,20,,,,,,,jewelry,,,,,,,,,,,
,6,0,0,0,88,,5,,3,dex,21,25,,,,,,,jewelry,,,,,,,,,,,
,,,,,,,,,,,,,,,,,,,,,,,,,,,,,,
,1,1,1,0,1,,10,,3,dex,1,3,,,,,,,range weapons,,,,,,,,,,,
,2,1,1,0,9,,9,,3,dex,4,7,,,,,,,range weapons,,,,,,,,,,,
,3,1,1,0,24,,8,,3,dex,8,11,,,,,,,range weapons,,,,,,,,,,,
,4,1,0,0,55,,7,,3,dex,12,15,,,,,,,range weapons,,,,,,,,,,,
,5,0,0,0,65,,6,,3,dex,16,20,,,,,,,range weapons,,,,,,,,,,,
,,,,,,,,,,,,,,,,,,,,,,,,,,,,,,
,1,1,1,0,1,,10,,3,dex,1,3,,,,,,,armor,,,,,,,,,,,
,2,1,1,0,10,,9,,3,dex,4,7,,,,,,,armor,,,,,,,,,,,
,3,1,1,0,28,,8,,3,dex,8,11,,,,,,,armor,,,,,,,,,,,
Intelligence,,,,,,,,,,,,,,,,,,,,,,,,,,,,,,
,1,1,1,0,1,,10,,4,int,1,3,,,,,,,jewelry,,,,,,,,,,,
,2,1,1,0,6,,9,,4,int,4,7,,,,,,,jewelry,,,,,,,,,,,
,3,1,1,0,20,,8,,4,int,8,11,,,,,,,jewelry,,,,,,,,,,,
,4,1,1,0,40,,7,,4,int,12,15,,,,,,,jewelry,,,,,,,,,,,
,5,1,0,0,73,,6,,4,int,16,20,,,,,,,jewelry,,,,,,,,,,,
,6,0,0,0,88,,5,,4,int,21,25,,,,,,,jewelry,,,,,,,,,,,
,,,,,,,,,,,,,,,,,,,,,,,,,,,,,,
,1,1,1,0,1,,10,,4,int,1,3,,,,,,,magic weapons,,,,,,,,,,,
,2,1,1,0,9,,9,,4,int,4,7,,,,,,,magic weapons,,,,,,,,,,,
,3,1,1,0,24,,8,,4,int,8,11,,,,,,,magic weapons,,,,,,,,,,,
,4,1,0,0,55,,7,,4,int,12,15,,,,,,,magic weapons,,,,,,,,,,,
,5,0,0,0,65,,6,,4,int,16,20,,,,,,,magic weapons,,,,,,,,,,,
,,,,,,,,,,,,,,,,,,,,,,,,,,,,,,
,1,1,1,0,1,,10,,4,int,1,3,,,,,,,armor,,,,,,,,,,,
,2,1,1,0,10,,9,,4,int,4,7,,,,,,,armor,,,,,,,,,,,
,3,1,1,0,28,,8,,4,int,8,11,,,,,,,armor,,,,,,,,,,,
Agility,,,,,,,,,,,,,,,,,,,,,,,,,,,,,,
,1,1,1,0,1,,10,,5,agi,1,3,,,,,,,jewelry,,,,,,,,,,,
,2,1,1,0,6,,9,,5,agi,4,7,,,,,,,jewelry,,,,,,,,,,,
,3,1,1,0,20,,8,,5,agi,8,11,,,,,,,jewelry,,,,,,,,,,,
,4,1,1,0,40,,7,,5,agi,12,15,,,,,,,jewelry,,,,,,,,,,,
,5,1,0,0,73,,6,,5,agi,16,20,,,,,,,jewelry,,,,,,,,,,,
,6,0,0,0,88,,5,,5,agi,21,25,,,,,,,jewelry,,,,,,,,,,,
,,,,,,,,,,,,,,,,,,,,,,,,,,,,,,
,1,1,1,0,1,,10,,5,agi,1,3,,,,,,,weapons,,,,,,,,,,,
,2,1,1,0,9,,9,,5,agi,4,7,,,,,,,weapons,,,,,,,,,,,
,3,1,1,0,24,,8,,5,agi,8,11,,,,,,,weapons,,,,,,,,,,,
,4,1,0,0,55,,7,,5,agi,12,15,,,,,,,weapons,,,,,,,,,,,
,5,0,0,0,65,,6,,5,agi,16,20,,,,,,,weapons,,,,,,,,,,,
,,,,,,,,,,,,,,,,,,,,,,,,,,,,,,
,1,1,1,0,1,,10,,5,agi,1,3,,,,,,,armor,,,,,,,,,,,
,2,1,1,0,10,,9,,5,agi,4,7,,,,,,,armor,,,,,,,,,,,
,3,1,1,0,28,,8,,5,agi,8,11,,,,,,,armor,,,,,,,,,,,
,,,,,,,,,,,,,,,,,,,,,,,,,,,,,,
,,,,,,,,,,,,,,,,,,,,,,,,,,,,,,
Defense,,,,,,,,,,,,,,,,,,,,,,,,,,,,,,
,1,1,1,0,1,,10,,6,,1,4,,,,,,,armor,,,,,,,,,,,
,2,1,1,0,12,,9,,6,,5,10,,,,,,,armor,,,,,,,,,,,
,3,1,1,0,25,,8,,6,,11,16,,,,,,,armor,,,,,,,,,,,
,4,1,1,0,38,,7,,6,,17,24,,,,,,,armor,,,,,,,,,,,
,5,1,0,0,55,,6,,6,,25,33,,,,,,,armor,,,,,,,,,,,
,6,0,0,0,66,,5,,6,,34,45,,,,,,,armor,,,,,,,,,,,
Heat Damage,,,,,,,,,,,,,,,,,,,,,,,,,,,,,,
,1,1,1,0,,,10,1,7,heat-dmg,mindam,maxdam * plvl,,,,,,,weapons,,,,,,,,,,,
,2,1,1,0,,,8,2,7,heat-dmg,mindam + 5,maxdam * plvl,,,,,,,weapons,,,,,,,,,,,
,3,1,1,0,,,6,3,7,heat-dmg,mindam + 10,maxdam * plvl,,,,,,,weapons,,,,,,,,,,,
,4,1,1,0,,,4,4,7,heat-dmg,mindam + 15,maxdam * plvl,,,,,,,weapons,,,,,,,,,,,
,5,1,1,0,,,2,5,7,heat-dmg,mindam + 20,maxdam * plvl,,,,,,,weapons,,,,,,,,,,,
,,,,,,,,,,,,,,,,,,,,,,,,,,,,,,
Burn Damage,,,,,,,,,,,,,,,,,,,,,,,,,,,,,,
,1,1,1,0,,,10,1,8,burn-dmg,mindam,maxdam * plvl,,,,,,,weapons,,,,,,,,,,,
,2,1,1,0,,,8,2,8,burn-dmg,mindam + 5,maxdam * plvl,,,,,,,weapons,,,,,,,,,,,
,3,1,1,0,,,6,3,8,burn-dmg,mindam + 10,maxdam * plvl,,,,,,,weapons,,,,,,,,,,,
,4,1,1,0,,,4,4,8,burn-dmg,mindam + 15,maxdam * plvl,,,,,,,weapons,,,,,,,,,,,
,5,1,1,0,,,2,5,8,burn-dmg,mindam + 20,maxdam * plvl,,,,,,,weapons,,,,,,,,,,,
,,,,,,,,,,,,,,,,,,,,,,,,,,,,,,
Water Damage,,,,,,,,,,,,,,,,,,,,,,,,,,,,,,
,1,1,1,0,,,10,1,9,water-dmg,mindam,maxdam * plvl,,,,,,,weapons,,,,,,,,,,,
,2,1,1,0,,,8,2,9,water-dmg,mindam + 5,maxdam * plvl,,,,,,,weapons,,,,,,,,,,,
,3,1,1,0,,,6,3,9,water-dmg,mindam + 10,maxdam * plvl,,,,,,,weapons,,,,,,,,,,,
,4,1,1,0,,,4,4,9,water-dmg,mindam + 15,maxdam * plvl,,,,,,,weapons,,,,,,,,,,,
,5,1,1,0,,,2,5,9,water-dmg,mindam + 20,maxdam * plvl,,,,,,,weapons,,,,,,,,,,,
,,,,,,,,,,,,,,,,,,,,,,,,,,,,,,
Ice Damage,,,,,,,,,,,,,,,,,,,,,,,,,,,,,,
,1,1,1,0,,,10,1,10,ice-dmg,mindam,maxdam * plvl,,,,,,,weapons,,,,,,,,,,,
,2,1,1,0,,,8,2,10,ice-dmg,mindam + 5,maxdam * plvl,,,,,,,weapons,,,,,,,,,,,
,3,1,1,0,,,6,3,10,ice-dmg,mindam + 10,maxdam * plvl,,,,,,,weapons,,,,,,,,,,,
,4,1,1,0,,,4,4,10,ice-dmg,mindam + 15,maxdam * plvl,,,,,,,weapons,,,,,,,,,,,
,5,1,1,0,,,2,5,10,ice-dmg,mindam + 20,maxdam * plvl,,,,,,,weapons,,,,,,,,,,,
,,,,,,,,,,,,,,,,,,,,,,,,,,,,,,
Venom Damage,,,,,,,,,,,,,,,,,,,,,,,,,,,,,,
,1,1,1,0,,,10,1,11,venom-dmg,mindam,maxdam * plvl,,,,,,,weapons,,,,,,,,,,,
,2,1,1,0,,,8,2,11,venom-dmg,mindam + 5,maxdam * plvl,,,,,,,weapons,,,,,,,,,,,
,3,1,1,0,,,6,3,11,venom-dmg,mindam + 10,maxdam * plvl,,,,,,,weapons,,,,,,,,,,,
,4,1,1,0,,,4,4,11,venom-dmg,mindam + 15,maxdam * plvl,,,,,,,weapons,,,,,,,,,,,
,5,1,1,0,,,2,5,11,venom-dmg,mindam + 20,maxdam * plvl,,,,,,,weapons,,,,,,,,,,,
,,,,,,,,,,,,,,,,,,,,,,,,,,,,,,
Acid Damage,,,,,,,,,,,,,,,,,,,,,,,,,,,,,,
,1,1,1,0,,,10,1,12,acid-dmg,mindam,maxdam * plvl,,,,,,,weapons,,,,,,,,,,,
,2,1,1,0,,,8,2,12,acid-dmg,mindam + 5,maxdam * plvl,,,,,,,weapons,,,,,,,,,,,
,3,1,1,0,,,6,3,12,acid-dmg,mindam + 10,maxdam * plvl,,,,,,,weapons,,,,,,,,,,,
,4,1,1,0,,,4,4,12,acid-dmg,mindam + 15,maxdam * plvl,,,,,,,weapons,,,,,,,,,,,
,5,1,1,0,,,2,5,12,acid-dmg,mindam + 20,maxdam * plvl,,,,,,,weapons,,,,,,,,,,,
,,,,,,,,,,,,,,,,,,,,,,,,,,,,,,
Lightning Damage,,,,,,,,,,,,,,,,,,,,,,,,,,,,,,
,1,1,1,0,,,10,1,13,light-dmg,mindam,maxdam * plvl,,,,,,,weapons,,,,,,,,,,,
,2,1,1,0,,,8,2,13,light-dmg,mindam + 5,maxdam * plvl,,,,,,,weapons,,,,,,,,,,,
,3,1,1,0,,,6,3,13,light-dmg,mindam + 10,maxdam * plvl,,,,,,,weapons,,,,,,,,,,,
,4,1,1,0,,,4,4,13,light-dmg,mindam + 15,maxdam * plvl,,,,,,,weapons,,,,,,,,,,,
,5,1,1,0,,,2,5,13,light-dmg,mindam + 20,maxdam * plvl,,,,,,,weapons,,,,,,,,,,,
,,,,,,,,,,,,,,,,,,,,,,,,,,,,,,
Spark Damage,,,,,,,,,,,,,,,,,,,,,,,,,,,,,,
,1,1,1,0,,,10,1,14,spark-dmg,mindam,maxdam * plvl,,,,,,,weapons,,,,,,,,,,,
,2,1,1,0,,,8,2,14,spark-dmg,mindam + 5,maxdam * plvl,,,,,,,weapons,,,,,,,,,,,
,3,1,1,0,,,6,3,14,spark-dmg,mindam + 10,maxdam * plvl,,,,,,,weapons,,,,,,,,,,,
,4,1,1,0,,,4,4,14,spark-dmg,mindam + 15,maxdam * plvl,,,,,,,weapons,,,,,,,,,,,
,5,1,1,0,,,2,5,14,spark-dmg,mindam + 20,maxdam * plvl,,,,,,,weapons,,,,,,,,,,,
,,,,,,,,,,,,,,,,,,,,,,,,,,,,,,
Fire Defense,,,,,,,,,,,,,,,,,,,,,,,,,,,,,,
,1,1,1,0,,,10,1,15,fire-def,minblock,maxblock * plvl,,,,,,,offhand,,,,,,,,,,,
,2,1,1,0,,,8,2,15,fire-def,minblock + 5,maxblock * plvl,,,,,,,offhand,,,,,,,,,,,
,3,1,1,0,,,6,3,15,fire-def,minblock + 10,maxblock * plvl,,,,,,,offhand,,,,,,,,,,,
,4,1,1,0,,,4,4,15,fire-def,minblock + 15,maxblock * plvl,,,,,,,offhand,,,,,,,,,,,
,5,1,1,0,,,2,5,15,fire-def,minblock + 20,maxblock * plvl,,,,,,,offhand,,,,,,,,,,,
,,,,,,,,,,,,,,,,,,,,,,,,,,,,,,
,1,1,1,0,,,10,1,15,fire-def,plvl + minblock,plvl * 3 + maxblock,,,,,,,magic weapons,,,,,,,,,,,
,2,1,1,0,,,8,2,15,fire-def,plvl + minblock,plvl * 3 + maxblock,,,,,,,magic weapons,,,,,,,,,,,
,3,1,1,0,,,6,3,15,fire-def,plvl + minblock,plvl * 3 + maxblock,,,,,,,magic weapons,,,,,,,,,,,
,4,1,1,0,,,4,4,15,fire-def,plvl + minblock,plvl * 3 + maxblock,,,,,,,magic weapons,,,,,,,,,,,
,5,1,1,0,,,2,5,15,fire-def,plvl + minblock,plvl * 3 + maxblock,,,,,,,magic weapons,,,,,,,,,,,
Cold Defense,,,,,,,,,,,,,,,,,,,,,,,,,,,,,,
,1,1,1,0,,,10,1,16,cold-def,minblock,maxblock * plvl,,,,,,,offhand,,,,,,,,,,,
,2,1,1,0,,,8,2,16,cold-def,minblock + 5,maxblock * plvl,,,,,,,offhand,,,,,,,,,,,
,3,1,1,0,,,6,3,16,cold-def,minblock + 10,maxblock * plvl,,,,,,,offhand,,,,,,,,,,,
,4,1,1,0,,,4,4,16,cold-def,minblock + 15,maxblock * plvl,,,,,,,offhand,,,,,,,,,,,
,5,1,1,0,,,2,5,16,cold-def,minblock + 20,maxblock * plvl,,,,,,,offhand,,,,,,,,,,,
,,,,,,,,,,,,,,,,,,,,,,,,,,,,,,
,1,1,1,0,,,10,1,16,cold-def,plvl + minblock,plvl * 3 + maxblock,,,,,,,magic weapons,,,,,,,,,,,
,2,1,1,0,,,8,2,16,cold-def,plvl + minblock,plvl * 3 + maxblock,,,,,,,magic weapons,,,,,,,,,,,
,3,1,1,0,,,6,3,16,cold-def,plvl + minblock,plvl * 3 + maxblock,,,,,,,magic weapons,,,,,,,,,,,
,4,1,1,0,,,4,4,16,cold-def,plvl + minblock,plvl * 3 + maxblock,,,,,,,magic weapons,,,,,,,,,,,
,5,1,1,0,,,2,5,16,cold-def,plvl + minblock,plvl * 3 + maxblock,,,,,,,magic weapons,,,,,,,,,,,
Poison Defense,,,,,,,,,,,,,,,,,,,,,,,,,,,,,,
,1,1,1,0,,,10,1,17,psn-def,minblock,maxblock * plvl,,,,,,,offhand,,,,,,,,,,,
,2,1,1,0,,,8,2,17,psn-def,minblock + 5,maxblock * plvl,,,,,,,offhand,,,,,,,,,,,
,3,1,1,0,,,6,3,17,psn-def,minblock + 10,maxblock * plvl,,,,,,,offhand,,,,,,,,,,,
,4,1,1,0,,,4,4,17,psn-def,minblock + 15,maxblock * plvl,,,,,,,offhand,,,,,,,,,,,
,5,1,1,0,,,2,5,17,psn-def,minblock + 20,maxblock * plvl,,,,,,,offhand,,,,,,,,,,,
,,,,,,,,,,,,,,,,,,,,,,,,,,,,,,
,1,1,1,0,,,10,1,17,psn-def,plvl + minblock,plvl * 3 + maxblock,,,,,,,magic weapons,,,,,,,,,,,
,2,1,1,0,,,8,2,17,psn-def,plvl + minblock,plvl * 3 + maxblock,,,,,,,magic weapons,,,,,,,,,,,
,3,1,1,0,,,6,3,17,psn-def,plvl + minblock,plvl * 3 + maxblock,,,,,,,magic weapons,,,,,,,,,,,
,4,1,1,0,,,4,4,17,psn-def,plvl + minblock,plvl * 3 + maxblock,,,,,,,magic weapons,,,,,,,,,,,
,5,1,1,0,,,2,5,17,psn-def,plvl + minblock,plvl * 3 + maxblock,,,,,,,magic weapons,,,,,,,,,,,
Electric Defense,,,,,,,,,,,,,,,,,,,,,,,,,,,,,,
,1,1,1,0,,,10,1,18,elec-def,minblock,maxblock * plvl,,,,,,,offhand,,,,,,,,,,,
,2,1,1,0,,,8,2,18,elec-def,minblock + 5,maxblock * plvl,,,,,,,offhand,,,,,,,,,,,
,3,1,1,0,,,6,3,18,elec-def,minblock + 10,maxblock * plvl,,,,,,,offhand,,,,,,,,,,,
,4,1,1,0,,,4,4,18,elec-def,minblock + 15,maxblock * plvl,,,,,,,offhand,,,,,,,,,,,
,5,1,1,0,,,2,5,18,elec-def,minblock + 20,maxblock * plvl,,,,,,,offhand,,,,,,,,,,,
,,,,,,,,,,,,,,,,,,,,,,,,,,,,,,
,1,1,1,0,,,10,1,18,elec-def,plvl + minblock,plvl * 3 + maxblock,,,,,,,magic weapons,,,,,,,,,,,
,2,1,1,0,,,8,2,18,elec-def,plvl + minblock,plvl * 3 + maxblock,,,,,,,magic weapons,,,,,,,,,,,
,3,1,1,0,,,6,3,18,elec-def,plvl + minblock,plvl * 3 + maxblock,,,,,,,magic weapons,,,,,,,,,,,
,4,1,1,0,,,4,4,18,elec-def,plvl + minblock,plvl * 3 + maxblock,,,,,,,magic weapons,,,,,,,,,,,
,5,1,1,0,,,2,5,18,elec-def,plvl + minblock,plvl * 3 + maxblock,,,,,,,magic weapons,,,,,,,,,,,
Heat Defense,,,,,,,,,,,,,,,,,,,,,,,,,,,,,,
,1,1,1,0,,,10,1,19,heat-def,minblock,maxblock * plvl,,,,,,,offhand,,,,,,,,,,,
,2,1,1,0,,,8,2,19,heat-def,minblock + 5,maxblock * plvl,,,,,,,offhand,,,,,,,,,,,
,3,1,1,0,,,6,3,19,heat-def,minblock + 10,maxblock * plvl,,,,,,,offhand,,,,,,,,,,,
,4,1,1,0,,,4,4,19,heat-def,minblock + 15,maxblock * plvl,,,,,,,offhand,,,,,,,,,,,
,5,1,1,0,,,2,5,19,heat-def,minblock + 20,maxblock * plvl,,,,,,,offhand,,,,,,,,,,,
,,,,,,,,,,,,,,,,,,,,,,,,,,,,,,
,1,1,1,0,,,10,1,19,heat-def,plvl + minblock,plvl * 3 + maxblock,,,,,,,magic weapons,,,,,,,,,,,
,2,1,1,0,,,8,2,19,heat-def,plvl + minblock,plvl * 3 + maxblock,,,,,,,magic weapons,,,,,,,,,,,
,3,1,1,0,,,6,3,19,heat-def,plvl + minblock,plvl * 3 + maxblock,,,,,,,magic weapons,,,,,,,,,,,
,4,1,1,0,,,4,4,19,heat-def,plvl + minblock,plvl * 3 + maxblock,,,,,,,magic weapons,,,,,,,,,,,
,5,1,1,0,,,2,5,19,heat-def,plvl + minblock,plvl * 3 + maxblock,,,,,,,magic weapons,,,,,,,,,,,
Burn Defense,,,,,,,,,,,,,,,,,,,,,,,,,,,,,,
,1,1,1,0,,,10,1,20,burn-def,minblock,maxblock * plvl,,,,,,,offhand,,,,,,,,,,,
,2,1,1,0,,,8,2,20,burn-def,minblock + 5,maxblock * plvl,,,,,,,offhand,,,,,,,,,,,
,3,1,1,0,,,6,3,20,burn-def,minblock + 10,maxblock * plvl,,,,,,,offhand,,,,,,,,,,,
,4,1,1,0,,,4,4,20,burn-def,minblock + 15,maxblock * plvl,,,,,,,offhand,,,,,,,,,,,
,5,1,1,0,,,2,5,20,burn-def,minblock + 20,maxblock * plvl,,,,,,,offhand,,,,,,,,,,,
,,,,,,,,,,,,,,,,,,,,,,,,,,,,,,
,1,1,1,0,,,10,1,20,burn-def,plvl + minblock,plvl * 3 + maxblock,,,,,,,magic weapons,,,,,,,,,,,
,2,1,1,0,,,8,2,20,burn-def,plvl + minblock,plvl * 3 + maxblock,,,,,,,magic weapons,,,,,,,,,,,
,3,1,1,0,,,6,3,20,burn-def,plvl + minblock,plvl * 3 + maxblock,,,,,,,magic weapons,,,,,,,,,,,
,4,1,1,0,,,4,4,20,burn-def,plvl + minblock,plvl * 3 + maxblock,,,,,,,magic weapons,,,,,,,,,,,
,5,1,1,0,,,2,5,20,burn-def,plvl + minblock,plvl * 3 + maxblock,,,,,,,magic weapons,,,,,,,,,,,
Water Defense,,,,,,,,,,,,,,,,,,,,,,,,,,,,,,
,1,1,1,0,,,10,1,21,water-def,minblock,maxblock * plvl,,,,,,,offhand,,,,,,,,,,,
,2,1,1,0,,,8,2,21,water-def,minblock + 5,maxblock * plvl,,,,,,,offhand,,,,,,,,,,,
,3,1,1,0,,,6,3,21,water-def,minblock + 10,maxblock * plvl,,,,,,,offhand,,,,,,,,,,,
,4,1,1,0,,,4,4,21,water-def,minblock + 15,maxblock * plvl,,,,,,,offhand,,,,,,,,,,,
,5,1,1,0,,,2,5,21,water-def,minblock + 20,maxblock * plvl,,,,,,,offhand,,,,,,,,,,,
,,,,,,,,,,,,,,,,,,,,,,,,,,,,,,
,1,1,1,0,,,10,1,21,water-def,plvl + minblock,plvl * 3 + maxblock,,,,,,,magic weapons,,,,,,,,,,,
,2,1,1,0,,,8,2,21,water-def,plvl + minblock,plvl * 3 + maxblock,,,,,,,magic weapons,,,,,,,,,,,
,3,1,1,0,,,6,3,21,water-def,plvl + minblock,plvl * 3 + maxblock,,,,,,,magic weapons,,,,,,,,,,,
,4,1,1,0,,,4,4,21,water-def,plvl + minblock,plvl * 3 + maxblock,,,,,,,magic weapons,,,,,,,,,,,
,5,1,1,0,,,2,5,21,water-def,plvl + minblock,plvl * 3 + maxblock,,,,,,,magic weapons,,,,,,,,,,,
Ice Defense,,,,,,,,,,,,,,,,,,,,,,,,,,,,,,
,1,1,1,0,,,10,1,22,ice-def,minblock,maxblock * plvl,,,,,,,offhand,,,,,,,,,,,
,2,1,1,0,,,8,2,22,ice-def,minblock + 5,maxblock * plvl,,,,,,,offhand,,,,,,,,,,,
,3,1,1,0,,,6,3,22,ice-def,minblock + 10,maxblock * plvl,,,,,,,offhand,,,,,,,,,,,
,4,1,1,0,,,4,4,22,ice-def,minblock + 15,maxblock * plvl,,,,,,,offhand,,,,,,,,,,,
,5,1,1,0,,,2,5,22,ice-def,minblock + 20,maxblock * plvl,,,,,,,offhand,,,,,,,,,,,
,,,,,,,,,,,,,,,,,,,,,,,,,,,,,,
,1,1,1,0,,,10,1,22,ice-def,plvl + minblock,plvl * 3 + maxblock,,,,,,,magic weapons,,,,,,,,,,,
,2,1,1,0,,,8,2,22,ice-def,plvl + minblock,plvl * 3 + maxblock,,,,,,,magic weapons,,,,,,,,,,,
,3,1,1,0,,,6,3,22,ice-def,plvl + minblock,plvl * 3 + maxblock,,,,,,,magic weapons,,,,,,,,,,,
,4,1,1,0,,,4,4,22,ice-def,plvl + minblock,plvl * 3 + maxblock,,,,,,,magic weapons,,,,,,,,,,,
,5,1,1,0,,,2,5,22,ice-def,plvl + minblock,plvl * 3 + maxblock,,,,,,,magic weapons,,,,,,,,,,,
Venom Defense,,,,,,,,,,,,,,,,,,,,,,,,,,,,,,
,1,1,1,0,,,10,1,23,venom-def,minblock,maxblock * plvl,,,,,,,offhand,,,,,,,,,,,
,2,1,1,0,,,8,2,23,venom-def,minblock + 5,maxblock * plvl,,,,,,,offhand,,,,,,,,,,,
,3,1,1,0,,,6,3,23,venom-def,minblock + 10,maxblock * plvl,,,,,,,offhand,,,,,,,,,,,
,4,1,1,0,,,4,4,23,venom-def,minblock + 15,maxblock * plvl,,,,,,,offhand,,,,,,,,,,,
,5,1,1,0,,,2,5,23,venom-def,minblock + 20,maxblock * plvl,,,,,,,offhand,,,,,,,,,,,
,,,,,,,,,,,,,,,,,,,,,,,,,,,,,,
,1,1,1,0,,,10,1,23,venom-def,plvl + minblock,plvl * 3 + maxblock,,,,,,,magic weapons,,,,,,,,,,,
,2,1,1,0,,,8,2,23,venom-def,plvl + minblock,plvl * 3 + maxblock,,,,,,,magic weapons,,,,,,,,,,,
,3,1,1,0,,,6,3,23,venom-def,plvl + minblock,plvl * 3 + maxblock,,,,,,,magic weapons,,,,,,,,,,,
,4,1,1,0,,,4,4,23,venom-def,plvl + minblock,plvl * 3 + maxblock,,,,,,,magic weapons,,,,,,,,,,,
,5,1,1,0,,,2,5,23,venom-def,plvl + minblock,plvl * 3 + maxblock,,,,,,,magic weapons,,,,,,,,,,,
Acid Defense,,,,,,,,,,,,,,,,,,,,,,,,,,,,,,
,1,1,1,0,,,10,1,24,acid-def,minblock,maxblock * plvl,,,,,,,offhand,,,,,,,,,,,
,2,1,1,0,,,8,2,24,acid-def,minblock + 5,maxblock * plvl,,,,,,,offhand,,,,,,,,,,,
,3,1,1,0,,,6,3,24,acid-def,minblock + 10,maxblock * plvl,,,,,,,offhand,,,,,,,,,,,
,4,1,1,0,,,4,4,24,acid-def,minblock + 15,maxblock * plvl,,,,,,,offhand,,,,,,,,,,,
,5,1,1,0,,,2,5,24,acid-def,minblock + 20,maxblock * plvl,,,,,,,offhand,,,,,,,,,,,
,,,,,,,,,,,,,,,,,,,,,,,,,,,,,,
,1,1,1,0,,,10,1,24,acid-def,plvl + minblock,plvl * 3 + maxblock,,,,,,,magic weapons,,,,,,,,,,,
,2,1,1,0,,,8,2,24,acid-def,plvl + minblock,plvl * 3 + maxblock,,,,,,,magic weapons,,,,,,,,,,,
,3,1,1,0,,,6,3,24,acid-def,plvl + minblock,plvl * 3 + maxblock,,,,,,,magic weapons,,,,,,,,,,,
,4,1,1,0,,,4,4,24,acid-def,plvl + minblock,plvl * 3 + maxblock,,,,,,,magic weapons,,,,,,,,,,,
,5,1,1,0,,,2,5,24,acid-def,plvl + minblock,plvl * 3 + maxblock,,,,,,,magic weapons,,,,,,,,,,,
Lightning Defense,,,,,,,,,,,,,,,,,,,,,,,,,,,,,,
,1,1,1,0,,,10,1,25,light-def,minblock,maxblock * plvl,,,,,,,offhand,,,,,,,,,,,
,2,1,1,0,,,8,2,25,light-def,minblock + 5,maxblock * plvl,,,,,,,offhand,,,,,,,,,,,
,3,1,1,0,,,6,3,25,light-def,minblock + 10,maxblock * plvl,,,,,,,offhand,,,,,,,,,,,
,4,1,1,0,,,4,4,25,light-def,minblock + 15,maxblock * plvl,,,,,,,offhand,,,,,,,,,,,
,5,1,1,0,,,2,5,25,light-def,minblock + 20,maxblock * plvl,,,,,,,offhand,,,,,,,,,,,
,,,,,,,,,,,,,,,,,,,,,,,,,,,,,,
,1,1,1,0,,,10,1,25,light-def,plvl + minblock,plvl * 3 + maxblock,,,,,,,magic weapons,,,,,,,,,,,
,2,1,1,0,,,8,2,25,light-def,plvl + minblock,plvl * 3 + maxblock,,,,,,,magic weapons,,,,,,,,,,,
,3,1,1,0,,,6,3,25,light-def,plvl + minblock,plvl * 3 + maxblock,,,,,,,magic weapons,,,,,,,,,,,
,4,1,1,0,,,4,4,25,light-def,plvl + minblock,plvl * 3 + maxblock,,,,,,,magic weapons,,,,,,,,,,,
,5,1,1,0,,,2,5,25,light-def,plvl + minblock,plvl * 3 + maxblock,,,,,,,magic weapons,,,,,,,,,,,
Spark Defense,,,,,,,,,,,,,,,,,,,,,,,,,,,,,,
,1,1,1,0,,,10,1,26,spark-def,minblock,maxblock * plvl,,,,,,,offhand,,,,,,,,,,,
,2,1,1,0,,,8,2,26,spark-def,minblock + 5,maxblock * plvl,,,,,,,offhand,,,,,,,,,,,
,3,1,1,0,,,6,3,26,spark-def,minblock + 10,maxblock * plvl,,,,,,,offhand,,,,,,,,,,,
,4,1,1,0,,,4,4,26,spark-def,minblock + 15,maxblock * plvl,,,,,,,offhand,,,,,,,,,,,
,5,1,1,0,,,2,5,26,spark-def,minblock + 20,maxblock * plvl,,,,,,,offhand,,,,,,,,,,,
,,,,,,,,,,,,,,,,,,,,,,,,,,,,,,
,1,1,1,0,,,10,1,26,spark-def,plvl + minblock,plvl * 3 + maxblock,,,,,,,magic weapons,,,,,,,,,,,
,2,1,1,0,,,8,2,26,spark-def,plvl + minblock,plvl * 3 + maxblock,,,,,,,magic weapons,,,,,,,,,,,
,3,1,1,0,,,6,3,26,spark-def,plvl + minblock,plvl * 3 + maxblock,,,,,,,magic weapons,,,,,,,,,,,
,4,1,1,0,,,4,4,26,spark-def,plvl + minblock,plvl * 3 + maxblock,,,,,,,magic weapons,,,,,,,,,,,
,5,1,1,0,,,2,5,26,spark-def,plvl + minblock,plvl * 3 + maxblock,,,,,,,magic weapons,,,,,,,,,,,
Enhanced Fire %,,,,,,,,,,,,,,,,,,,,,,,,,,,,,,
,1,,,,,,,,,,,,,,,,,,,,,,,,,,,,,
,2,,,,,,,,,,,,,,,,,,,,,,,,,,,,,
,3,,,,,,,,,,,,,,,,,,,,,,,,,,,,,
,4,,,,,,,,,,,,,,,,,,,,,,,,,,,,,
,5,,,,,,,,,,,,,,,,,,,,,,,,,,,,,
,6,,,,,,,,,,,,,,,,,,,,,,,,,,,,,
Enhanced Cold %,,,,,,,,,,,,,,,,,,,,,,,,,,,,,,
,1,,,,,,,,,,,,,,,,,,,,,,,,,,,,,
,2,,,,,,,,,,,,,,,,,,,,,,,,,,,,,
,3,,,,,,,,,,,,,,,,,,,,,,,,,,,,,
,4,,,,,,,,,,,,,,,,,,,,,,,,,,,,,
,5,,,,,,,,,,,,,,,,,,,,,,,,,,,,,
,6,,,,,,,,,,,,,,,,,,,,,,,,,,,,,
Enhanced Light %,,,,,,,,,,,,,,,,,,,,,,,,,,,,,,
,1,,,,,,,,,,,,,,,,,,,,,,,,,,,,,
,2,,,,,,,,,,,,,,,,,,,,,,,,,,,,,
,3,,,,,,,,,,,,,,,,,,,,,,,,,,,,,
,4,,,,,,,,,,,,,,,,,,,,,,,,,,,,,
,5,,,,,,,,,,,,,,,,,,,,,,,,,,,,,
,6,,,,,,,,,,,,,,,,,,,,,,,,,,,,,
Enhanced Poison %,,,,,,,,,,,,,,,,,,,,,,,,,,,,,,
,1,,,,,,,,,,,,,,,,,,,,,,,,,,,,,
,2,,,,,,,,,,,,,,,,,,,,,,,,,,,,,
,3,,,,,,,,,,,,,,,,,,,,,,,,,,,,,
,4,,,,,,,,,,,,,,,,,,,,,,,,,,,,,
,5,,,,,,,,,,,,,,,,,,,,,,,,,,,,,
,6,,,,,,,,,,,,,,,,,,,,,,,,,,,,,
Critical Strike,,,,,,,,,,,,,,,,,,,,,,,,,,,,,,
,1,,,,,,,,,,,,,,,,,,,,,,,,,,,,,
,2,,,,,,,,,,,,,,,,,,,,,,,,,,,,,
,3,,,,,,,,,,,,,,,,,,,,,,,,,,,,,
,4,,,,,,,,,,,,,,,,,,,,,,,,,,,,,
,5,,,,,,,,,,,,,,,,,,,,,,,,,,,,,
,6,,,,,,,,,,,,,,,,,,,,,,,,,,,,,
Life Steal,,,,,,,,,,,,,,,,,,,,,,,,,,,,,,
,1,,,,,,,,,,,,,,,,,,,,,,,,,,,,,
,2,,,,,,,,,,,,,,,,,,,,,,,,,,,,,
,3,,,,,,,,,,,,,,,,,,,,,,,,,,,,,
,4,,,,,,,,,,,,,,,,,,,,,,,,,,,,,
,5,,,,,,,,,,,,,,,,,,,,,,,,,,,,,
,6,,,,,,,,,,,,,,,,,,,,,,,,,,,,,
Mana Steal,,,,,,,,,,,,,,,,,,,,,,,,,,,,,,
,1,,,,,,,,,,,,,,,,,,,,,,,,,,,,,
,2,,,,,,,,,,,,,,,,,,,,,,,,,,,,,
,3,,,,,,,,,,,,,,,,,,,,,,,,,,,,,
,4,,,,,,,,,,,,,,,,,,,,,,,,,,,,,
,5,,,,,,,,,,,,,,,,,,,,,,,,,,,,,
,6,,,,,,,,,,,,,,,,,,,,,,,,,,,,,
Life Per Attack,,,,,,,,,,,,,,,,,,,,,,,,,,,,,,
,1,,,,,,,,,,,,,,,,,,,,,,,,,,,,,
,2,,,,,,,,,,,,,,,,,,,,,,,,,,,,,
,3,,,,,,,,,,,,,,,,,,,,,,,,,,,,,
,4,,,,,,,,,,,,,,,,,,,,,,,,,,,,,
,5,,,,,,,,,,,,,,,,,,,,,,,,,,,,,
,6,,,,,,,,,,,,,,,,,,,,,,,,,,,,,
Mana Per Attack,,,,,,,,,,,,,,,,,,,,,,,,,,,,,,
,1,,,,,,,,,,,,,,,,,,,,,,,,,,,,,
,2,,,,,,,,,,,,,,,,,,,,,,,,,,,,,
,3,,,,,,,,,,,,,,,,,,,,,,,,,,,,,
,4,,,,,,,,,,,,,,,,,,,,,,,,,,,,,
,5,,,,,,,,,,,,,,,,,,,,,,,,,,,,,
,6,,,,,,,,,,,,,,,,,,,,,,,,,,,,,
Reflect Fire %,,,,,,,,,,,,,,,,,,,,,,,,,,,,,,
,1,,,,,,,,,,,,,,,,,,,,,,,,,,,,,
,2,,,,,,,,,,,,,,,,,,,,,,,,,,,,,
,3,,,,,,,,,,,,,,,,,,,,,,,,,,,,,
,4,,,,,,,,,,,,,,,,,,,,,,,,,,,,,
,5,,,,,,,,,,,,,,,,,,,,,,,,,,,,,
,6,,,,,,,,,,,,,,,,,,,,,,,,,,,,,
Reflect Cold %,,,,,,,,,,,,,,,,,,,,,,,,,,,,,,
,1,,,,,,,,,,,,,,,,,,,,,,,,,,,,,
,2,,,,,,,,,,,,,,,,,,,,,,,,,,,,,
,3,,,,,,,,,,,,,,,,,,,,,,,,,,,,,
,4,,,,,,,,,,,,,,,,,,,,,,,,,,,,,
,5,,,,,,,,,,,,,,,,,,,,,,,,,,,,,
,6,,,,,,,,,,,,,,,,,,,,,,,,,,,,,
Reflect Poison %,,,,,,,,,,,,,,,,,,,,,,,,,,,,,,
,1,,,,,,,,,,,,,,,,,,,,,,,,,,,,,
,2,,,,,,,,,,,,,,,,,,,,,,,,,,,,,
,3,,,,,,,,,,,,,,,,,,,,,,,,,,,,,
,4,,,,,,,,,,,,,,,,,,,,,,,,,,,,,
,5,,,,,,,,,,,,,,,,,,,,,,,,,,,,,
,6,,,,,,,,,,,,,,,,,,,,,,,,,,,,,
Reflect Electric %,,,,,,,,,,,,,,,,,,,,,,,,,,,,,,
,1,,,,,,,,,,,,,,,,,,,,,,,,,,,,,
,2,,,,,,,,,,,,,,,,,,,,,,,,,,,,,
,3,,,,,,,,,,,,,,,,,,,,,,,,,,,,,
,4,,,,,,,,,,,,,,,,,,,,,,,,,,,,,
,5,,,,,,,,,,,,,,,,,,,,,,,,,,,,,
,6,,,,,,,,,,,,,,,,,,,,,,,,,,,,,
Reflect Heat %,,,,,,,,,,,,,,,,,,,,,,,,,,,,,,
,1,,,,,,,,,,,,,,,,,,,,,,,,,,,,,
,2,,,,,,,,,,,,,,,,,,,,,,,,,,,,,
,3,,,,,,,,,,,,,,,,,,,,,,,,,,,,,
,4,,,,,,,,,,,,,,,,,,,,,,,,,,,,,
,5,,,,,,,,,,,,,,,,,,,,,,,,,,,,,
,6,,,,,,,,,,,,,,,,,,,,,,,,,,,,,
Reflect Burn %,,,,,,,,,,,,,,,,,,,,,,,,,,,,,,
,1,,,,,,,,,,,,,,,,,,,,,,,,,,,,,
,2,,,,,,,,,,,,,,,,,,,,,,,,,,,,,
,3,,,,,,,,,,,,,,,,,,,,,,,,,,,,,
,4,,,,,,,,,,,,,,,,,,,,,,,,,,,,,
,5,,,,,,,,,,,,,,,,,,,,,,,,,,,,,
,6,,,,,,,,,,,,,,,,,,,,,,,,,,,,,
Reflect Water %,,,,,,,,,,,,,,,,,,,,,,,,,,,,,,
,1,,,,,,,,,,,,,,,,,,,,,,,,,,,,,
,2,,,,,,,,,,,,,,,,,,,,,,,,,,,,,
,3,,,,,,,,,,,,,,,,,,,,,,,,,,,,,
,4,,,,,,,,,,,,,,,,,,,,,,,,,,,,,
,5,,,,,,,,,,,,,,,,,,,,,,,,,,,,,
,6,,,,,,,,,,,,,,,,,,,,,,,,,,,,,
Reflect Ice %,,,,,,,,,,,,,,,,,,,,,,,,,,,,,,
,1,,,,,,,,,,,,,,,,,,,,,,,,,,,,,
,2,,,,,,,,,,,,,,,,,,,,,,,,,,,,,
,3,,,,,,,,,,,,,,,,,,,,,,,,,,,,,
,4,,,,,,,,,,,,,,,,,,,,,,,,,,,,,
,5,,,,,,,,,,,,,,,,,,,,,,,,,,,,,
,6,,,,,,,,,,,,,,,,,,,,,,,,,,,,,
Reflect Venom %,,,,,,,,,,,,,,,,,,,,,,,,,,,,,,
,1,,,,,,,,,,,,,,,,,,,,,,,,,,,,,
,2,,,,,,,,,,,,,,,,,,,,,,,,,,,,,
,3,,,,,,,,,,,,,,,,,,,,,,,,,,,,,
,4,,,,,,,,,,,,,,,,,,,,,,,,,,,,,
,5,,,,,,,,,,,,,,,,,,,,,,,,,,,,,
,6,,,,,,,,,,,,,,,,,,,,,,,,,,,,,
Reflect Acid %,,,,,,,,,,,,,,,,,,,,,,,,,,,,,,
,1,,,,,,,,,,,,,,,,,,,,,,,,,,,,,
,2,,,,,,,,,,,,,,,,,,,,,,,,,,,,,
,3,,,,,,,,,,,,,,,,,,,,,,,,,,,,,
,4,,,,,,,,,,,,,,,,,,,,,,,,,,,,,
,5,,,,,,,,,,,,,,,,,,,,,,,,,,,,,
,6,,,,,,,,,,,,,,,,,,,,,,,,,,,,,
Reflect Lightning %,,,,,,,,,,,,,,,,,,,,,,,,,,,,,,
,1,,,,,,,,,,,,,,,,,,,,,,,,,,,,,
,2,,,,,,,,,,,,,,,,,,,,,,,,,,,,,
,3,,,,,,,,,,,,,,,,,,,,,,,,,,,,,
,4,,,,,,,,,,,,,,,,,,,,,,,,,,,,,
,5,,,,,,,,,,,,,,,,,,,,,,,,,,,,,
,6,,,,,,,,,,,,,,,,,,,,,,,,,,,,,
Reflect Spark %,,,,,,,,,,,,,,,,,,,,,,,,,,,,,,
,1,,,,,,,,,,,,,,,,,,,,,,,,,,,,,
,2,,,,,,,,,,,,,,,,,,,,,,,,,,,,,
,3,,,,,,,,,,,,,,,,,,,,,,,,,,,,,
,4,,,,,,,,,,,,,,,,,,,,,,,,,,,,,
,5,,,,,,,,,,,,,,,,,,,,,,,,,,,,,
,6,,,,,,,,,,,,,,,,,,,,,,,,,,,,,
Plus to All Skills,,,,,,,,,,,,,,,,,,,,,,,,,,,,,,
,1,,,,,,,,,,,,,,,,,,,,,,,,,,,,,
,2,,,,,,,,,,,,,,,,,,,,,,,,,,,,,
,3,,,,,,,,,,,,,,,,,,,,,,,,,,,,,
,4,,,,,,,,,,,,,,,,,,,,,,,,,,,,,
,5,,,,,,,,,,,,,,,,,,,,,,,,,,,,,
,6,,,,,,,,,,,,,,,,,,,,,,,,,,,,,
Plus to Fire Skills,,,,,,,,,,,,,,,,,,,,,,,,,,,,,,
,1,,,,,,,,,,,,,,,,,,,,,,,,,,,,,
,2,,,,,,,,,,,,,,,,,,,,,,,,,,,,,
,3,,,,,,,,,,,,,,,,,,,,,,,,,,,,,
,4,,,,,,,,,,,,,,,,,,,,,,,,,,,,,
,5,,,,,,,,,,,,,,,,,,,,,,,,,,,,,
,6,,,,,,,,,,,,,,,,,,,,,,,,,,,,,
Plus to Cold Skills,,,,,,,,,,,,,,,,,,,,,,,,,,,,,,
,1,,,,,,,,,,,,,,,,,,,,,,,,,,,,,
,2,,,,,,,,,,,,,,,,,,,,,,,,,,,,,
,3,,,,,,,,,,,,,,,,,,,,,,,,,,,,,
,4,,,,,,,,,,,,,,,,,,,,,,,,,,,,,
,5,,,,,,,,,,,,,,,,,,,,,,,,,,,,,
,6,,,,,,,,,,,,,,,,,,,,,,,,,,,,,
Plus to Poison Skills,,,,,,,,,,,,,,,,,,,,,,,,,,,,,,
,1,,,,,,,,,,,,,,,,,,,,,,,,,,,,,
,2,,,,,,,,,,,,,,,,,,,,,,,,,,,,,
,3,,,,,,,,,,,,,,,,,,,,,,,,,,,,,
,4,,,,,,,,,,,,,,,,,,,,,,,,,,,,,
,5,,,,,,,,,,,,,,,,,,,,,,,,,,,,,
,6,,,,,,,,,,,,,,,,,,,,,,,,,,,,,
Plus to Electric Skills,,,,,,,,,,,,,,,,,,,,,,,,,,,,,,
,1,,,,,,,,,,,,,,,,,,,,,,,,,,,,,
,2,,,,,,,,,,,,,,,,,,,,,,,,,,,,,
,3,,,,,,,,,,,,,,,,,,,,,,,,,,,,,
,4,,,,,,,,,,,,,,,,,,,,,,,,,,,,,
,5,,,,,,,,,,,,,,,,,,,,,,,,,,,,,
,6,,,,,,,,,,,,,,,,,,,,,,,,,,,,,
Life,,,,,,,,,,,,,,,,,,,,,,,,,,,,,,
,1,,,,,,,,,,,,,,,,,,,,,,,,,,,,,
,2,,,,,,,,,,,,,,,,,,,,,,,,,,,,,
,3,,,,,,,,,,,,,,,,,,,,,,,,,,,,,
,4,,,,,,,,,,,,,,,,,,,,,,,,,,,,,
,5,,,,,,,,,,,,,,,,,,,,,,,,,,,,,
,6,,,,,,,,,,,,,,,,,,,,,,,,,,,,,
Mana,,,,,,,,,,,,,,,,,,,,,,,,,,,,,,
,1,,,,,,,,,,,,,,,,,,,,,,,,,,,,,
,2,,,,,,,,,,,,,,,,,,,,,,,,,,,,,
,3,,,,,,,,,,,,,,,,,,,,,,,,,,,,,
,4,,,,,,,,,,,,,,,,,,,,,,,,,,,,,
,5,,,,,,,,,,,,,,,,,,,,,,,,,,,,,
,6,,,,,,,,,,,,,,,,,,,,,,,,,,,,,
Life Regeneration,,,,,,,,,,,,,,,,,,,,,,,,,,,,,,
,1,,,,,,,,,,,,,,,,,,,,,,,,,,,,,
,2,,,,,,,,,,,,,,,,,,,,,,,,,,,,,
,3,,,,,,,,,,,,,,,,,,,,,,,,,,,,,
,4,,,,,,,,,,,,,,,,,,,,,,,,,,,,,
,5,,,,,,,,,,,,,,,,,,,,,,,,,,,,,
,6,,,,,,,,,,,,,,,,,,,,,,,,,,,,,
Mana Regeneration,,,,,,,,,,,,,,,,,,,,,,,,,,,,,,
,1,,,,,,,,,,,,,,,,,,,,,,,,,,,,,
,2,,,,,,,,,,,,,,,,,,,,,,,,,,,,,
,3,,,,,,,,,,,,,,,,,,,,,,,,,,,,,
,4,,,,,,,,,,,,,,,,,,,,,,,,,,,,,
,5,,,,,,,,,,,,,,,,,,,,,,,,,,,,,
,6,,,,,,,,,,,,,,,,,,,,,,,,,,,,,
All Resistances,,,,,,,,,,,,,,,,,,,,,,,,,,,,,,
,1,,,,,,,,,,,,,,,,,,,,,,,,,,,,,
,2,,,,,,,,,,,,,,,,,,,,,,,,,,,,,
,3,,,,,,,,,,,,,,,,,,,,,,,,,,,,,
,4,,,,,,,,,,,,,,,,,,,,,,,,,,,,,
,5,,,,,,,,,,,,,,,,,,,,,,,,,,,,,
,6,,,,,,,,,,,,,,,,,,,,,,,,,,,,,
Fire Resistance,,,,,,,,,,,,,,,,,,,,,,,,,,,,,,
,1,,,,,,,,,,,,,,,,,,,,,,,,,,,,,
,2,,,,,,,,,,,,,,,,,,,,,,,,,,,,,
,3,,,,,,,,,,,,,,,,,,,,,,,,,,,,,
,4,,,,,,,,,,,,,,,,,,,,,,,,,,,,,
,5,,,,,,,,,,,,,,,,,,,,,,,,,,,,,
,6,,,,,,,,,,,,,,,,,,,,,,,,,,,,,
Cold Resistance,,,,,,,,,,,,,,,,,,,,,,,,,,,,,,
,1,,,,,,,,,,,,,,,,,,,,,,,,,,,,,
,2,,,,,,,,,,,,,,,,,,,,,,,,,,,,,
,3,,,,,,,,,,,,,,,,,,,,,,,,,,,,,
,4,,,,,,,,,,,,,,,,,,,,,,,,,,,,,
,5,,,,,,,,,,,,,,,,,,,,,,,,,,,,,
,6,,,,,,,,,,,,,,,,,,,,,,,,,,,,,
Poison Resistance,,,,,,,,,,,,,,,,,,,,,,,,,,,,,,
,1,,,,,,,,,,,,,,,,,,,,,,,,,,,,,
,2,,,,,,,,,,,,,,,,,,,,,,,,,,,,,
,3,,,,,,,,,,,,,,,,,,,,,,,,,,,,,
,4,,,,,,,,,,,,,,,,,,,,,,,,,,,,,
,5,,,,,,,,,,,,,,,,,,,,,,,,,,,,,
,6,,,,,,,,,,,,,,,,,,,,,,,,,,,,,
Electric Resistance,,,,,,,,,,,,,,,,,,,,,,,,,,,,,,
,1,,,,,,,,,,,,,,,,,,,,,,,,,,,,,
,2,,,,,,,,,,,,,,,,,,,,,,,,,,,,,
,3,,,,,,,,,,,,,,,,,,,,,,,,,,,,,
,4,,,,,,,,,,,,,,,,,,,,,,,,,,,,,
,5,,,,,,,,,,,,,,,,,,,,,,,,,,,,,
,6,,,,,,,,,,,,,,,,,,,,,,,,,,,,,
Freeze Avoidance,,,,,,,,,,,,,,,,,,,,,,,,,,,,,,
,1,,,,,,,,,,,,,,,,,,,,,,,,,,,,,
,2,,,,,,,,,,,,,,,,,,,,,,,,,,,,,
,3,,,,,,,,,,,,,,,,,,,,,,,,,,,,,
,4,,,,,,,,,,,,,,,,,,,,,,,,,,,,,
,5,,,,,,,,,,,,,,,,,,,,,,,,,,,,,
,6,,,,,,,,,,,,,,,,,,,,,,,,,,,,,
Blind Avoidance,,,,,,,,,,,,,,,,,,,,,,,,,,,,,,
,1,,,,,,,,,,,,,,,,,,,,,,,,,,,,,
,2,,,,,,,,,,,,,,,,,,,,,,,,,,,,,
,3,,,,,,,,,,,,,,,,,,,,,,,,,,,,,
,4,,,,,,,,,,,,,,,,,,,,,,,,,,,,,
,5,,,,,,,,,,,,,,,,,,,,,,,,,,,,,
,6,,,,,,,,,,,,,,,,,,,,,,,,,,,,,
Seared Avoidance,,,,,,,,,,,,,,,,,,,,,,,,,,,,,,
,1,,,,,,,,,,,,,,,,,,,,,,,,,,,,,
,2,,,,,,,,,,,,,,,,,,,,,,,,,,,,,
,3,,,,,,,,,,,,,,,,,,,,,,,,,,,,,
,4,,,,,,,,,,,,,,,,,,,,,,,,,,,,,
,5,,,,,,,,,,,,,,,,,,,,,,,,,,,,,
,6,,,,,,,,,,,,,,,,,,,,,,,,,,,,,
Poison Avoidance,,,,,,,,,,,,,,,,,,,,,,,,,,,,,,
,1,,,,,,,,,,,,,,,,,,,,,,,,,,,,,
,2,,,,,,,,,,,,,,,,,,,,,,,,,,,,,
,3,,,,,,,,,,,,,,,,,,,,,,,,,,,,,
,4,,,,,,,,,,,,,,,,,,,,,,,,,,,,,
,5,,,,,,,,,,,,,,,,,,,,,,,,,,,,,
,6,,,,,,,,,,,,,,,,,,,,,,,,,,,,,
Evasion %,,,,,,,,,,,,,,,,,,,,,,,,,,,,,,
,1,,,,,,,,,,,,,,,,,,,,,,,,,,,,,
,2,,,,,,,,,,,,,,,,,,,,,,,,,,,,,
,3,,,,,,,,,,,,,,,,,,,,,,,,,,,,,
,4,,,,,,,,,,,,,,,,,,,,,,,,,,,,,
,5,,,,,,,,,,,,,,,,,,,,,,,,,,,,,
,6,,,,,,,,,,,,,,,,,,,,,,,,,,,,,
Speed,,,,,,,,,,,,,,,,,,,,,,,,,,,,,,
,1,,,,,,,,,,,,,,,,,,,,,,,,,,,,,
,2,,,,,,,,,,,,,,,,,,,,,,,,,,,,,
,3,,,,,,,,,,,,,,,,,,,,,,,,,,,,,
,4,,,,,,,,,,,,,,,,,,,,,,,,,,,,,
,5,,,,,,,,,,,,,,,,,,,,,,,,,,,,,
,6,,,,,,,,,,,,,,,,,,,,,,,,,,,,,
Cannot be Frozen,,,,,,,,,,,,,,,,,,,,,,,,,,,,,,
,1,,,,,,,,,,,,,,,,,,,,,,,,,,,,,
,2,,,,,,,,,,,,,,,,,,,,,,,,,,,,,
,3,,,,,,,,,,,,,,,,,,,,,,,,,,,,,
,4,,,,,,,,,,,,,,,,,,,,,,,,,,,,,
,5,,,,,,,,,,,,,,,,,,,,,,,,,,,,,
,6,,,,,,,,,,,,,,,,,,,,,,,,,,,,,
Cannot be Blinded,,,,,,,,,,,,,,,,,,,,,,,,,,,,,,
,1,,,,,,,,,,,,,,,,,,,,,,,,,,,,,
,2,,,,,,,,,,,,,,,,,,,,,,,,,,,,,
,3,,,,,,,,,,,,,,,,,,,,,,,,,,,,,
,4,,,,,,,,,,,,,,,,,,,,,,,,,,,,,
,5,,,,,,,,,,,,,,,,,,,,,,,,,,,,,
,6,,,,,,,,,,,,,,,,,,,,,,,,,,,,,
Cannot be Seared,,,,,,,,,,,,,,,,,,,,,,,,,,,,,,
,1,,,,,,,,,,,,,,,,,,,,,,,,,,,,,
,2,,,,,,,,,,,,,,,,,,,,,,,,,,,,,
,3,,,,,,,,,,,,,,,,,,,,,,,,,,,,,
,4,,,,,,,,,,,,,,,,,,,,,,,,,,,,,
,5,,,,,,,,,,,,,,,,,,,,,,,,,,,,,
,6,,,,,,,,,,,,,,,,,,,,,,,,,,,,,
Cannot be Poisoned,,,,,,,,,,,,,,,,,,,,,,,,,,,,,,
,1,,,,,,,,,,,,,,,,,,,,,,,,,,,,,
,2,,,,,,,,,,,,,,,,,,,,,,,,,,,,,
,3,,,,,,,,,,,,,,,,,,,,,,,,,,,,,
,4,,,,,,,,,,,,,,,,,,,,,,,,,,,,,
,5,,,,,,,,,,,,,,,,,,,,,,,,,,,,,
,6,,,,,,,,,,,,,,,,,,,,,,,,,,,,,
Magic Find,,,,,,,,,,,,,,,,,,,,,,,,,,,,,,
,1,,,,,,,,,,,,,,,,,,,,,,,,,,,,,
,2,,,,,,,,,,,,,,,,,,,,,,,,,,,,,
,3,,,,,,,,,,,,,,,,,,,,,,,,,,,,,
,4,,,,,,,,,,,,,,,,,,,,,,,,,,,,,
,5,,,,,,,,,,,,,,,,,,,,,,,,,,,,,
,6,,,,,,,,,,,,,,,,,,,,,,,,,,,,,
Increased Quantity,,,,,,,,,,,,,,,,,,,,,,,,,,,,,,
,1,,,,,,,,,,,,,,,,,,,,,,,,,,,,,
,2,,,,,,,,,,,,,,,,,,,,,,,,,,,,,
,3,,,,,,,,,,,,,,,,,,,,,,,,,,,,,
,4,,,,,,,,,,,,,,,,,,,,,,,,,,,,,
,5,,,,,,,,,,,,,,,,,,,,,,,,,,,,,
,6,,,,,,,,,,,,,,,,,,,,,,,,,,,,,
Power Find,,,,,,,,,,,,,,,,,,,,,,,,,,,,,,
,1,,,,,,,,,,,,,,,,,,,,,,,,,,,,,
,2,,,,,,,,,,,,,,,,,,,,,,,,,,,,,
,3,,,,,,,,,,,,,,,,,,,,,,,,,,,,,
,4,,,,,,,,,,,,,,,,,,,,,,,,,,,,,
,5,,,,,,,,,,,,,,,,,,,,,,,,,,,,,
,6,,,,,,,,,,,,,,,,,,,,,,,,,,,,,
Defense Per Level,,,,,,,,,,,,,,,,,,,,,,,,,,,,,,
,1,,,,,,,,,,,,,,,,,,,,,,,,,,,,,
,2,,,,,,,,,,,,,,,,,,,,,,,,,,,,,
,3,,,,,,,,,,,,,,,,,,,,,,,,,,,,,
,4,,,,,,,,,,,,,,,,,,,,,,,,,,,,,
,5,,,,,,,,,,,,,,,,,,,,,,,,,,,,,
,6,,,,,,,,,,,,,,,,,,,,,,,,,,,,,
Life Per Level,,,,,,,,,,,,,,,,,,,,,,,,,,,,,,
,1,,,,,,,,,,,,,,,,,,,,,,,,,,,,,
,2,,,,,,,,,,,,,,,,,,,,,,,,,,,,,
,3,,,,,,,,,,,,,,,,,,,,,,,,,,,,,
,4,,,,,,,,,,,,,,,,,,,,,,,,,,,,,
,5,,,,,,,,,,,,,,,,,,,,,,,,,,,,,
,6,,,,,,,,,,,,,,,,,,,,,,,,,,,,,
Mana Per Level,,,,,,,,,,,,,,,,,,,,,,,,,,,,,,
,1,,,,,,,,,,,,,,,,,,,,,,,,,,,,,
,2,,,,,,,,,,,,,,,,,,,,,,,,,,,,,
,3,,,,,,,,,,,,,,,,,,,,,,,,,,,,,
,4,,,,,,,,,,,,,,,,,,,,,,,,,,,,,
,5,,,,,,,,,,,,,,,,,,,,,,,,,,,,,
,6,,,,,,,,,,,,,,,,,,,,,,,,,,,,,
Accuracy Per Level,,,,,,,,,,,,,,,,,,,,,,,,,,,,,,
,1,,,,,,,,,,,,,,,,,,,,,,,,,,,,,
,2,,,,,,,,,,,,,,,,,,,,,,,,,,,,,
,3,,,,,,,,,,,,,,,,,,,,,,,,,,,,,
,4,,,,,,,,,,,,,,,,,,,,,,,,,,,,,
,5,,,,,,,,,,,,,,,,,,,,,,,,,,,,,
,6,,,,,,,,,,,,,,,,,,,,,,,,,,,,,
Faster Run Walk,,,,,,,,,,,,,,,,,,,,,,,,,,,,,,
,1,,,,,,,,,,,,,,,,,,,,,,,,,,,,,
,2,,,,,,,,,,,,,,,,,,,,,,,,,,,,,
,3,,,,,,,,,,,,,,,,,,,,,,,,,,,,,
,4,,,,,,,,,,,,,,,,,,,,,,,,,,,,,
,5,,,,,,,,,,,,,,,,,,,,,,,,,,,,,
,6,,,,,,,,,,,,,,,,,,,,,,,,,,,,,
Gold Find,,,,,,,,,,,,,,,,,,,,,,,,,,,,,,
,1,,,,,,,,,,,,,,,,,,,,,,,,,,,,,
,2,,,,,,,,,,,,,,,,,,,,,,,,,,,,,
,3,,,,,,,,,,,,,,,,,,,,,,,,,,,,,
,4,,,,,,,,,,,,,,,,,,,,,,,,,,,,,
,5,,,,,,,,,,,,,,,,,,,,,,,,,,,,,
,6,,,,,,,,,,,,,,,,,,,,,,,,,,,,,
Spell Procs,,"Chance to Cast _ on struck, attack, striking",,,,,,,,,,,,,,,,,,,,,,,,,,,,
,,,,,,,,,,,,,,,,,,,,,,,,,,,,,,
,,,,,,,,,,,,,,,,,,,,,,,,,,,,,,
,,,,,,,,,,,,,,,,,,,,,,,,,,,,,,
,,,,,,,,,,,,,,,,,,,,,,,,,,,,,,
,,,,,,,,,,,,,,,,,,,,,,,,,,,,,,
,,,,,,,,,,,,,,,,,,,,,,,,,,,,,,
,,,,,,,,,,,,,,,,,,,,,,,,,,,,,,
,,,,,,,,,,,,,,,,,,,,,,,,,,,,,,
,,,,,,,,,,,,,,,,,,,,,,,,,,,,,,
,,,,,,,,,,,,,,,,,,,,,,,,,,,,,,
,,,,,,,,,,,,,,,,,,,,,,,,,,,,,,
,,,,,,,,,,,,,,,,,,,,,,,,,,,,,,
,,,,,,,,,,,,,,,,,,,,,,,,,,,,,,
,,,,,,,,,,,,,,,,,,,,,,,,,,,,,,
,,,,,,,,,,,,,,,,,,,,,,,,,,,,,,
,,,,,,,,,,,,,,,,,,,,,,,,,,,,,,
,,,,,,,,,,,,,,,,,,,,,,,,,,,,,,
,,,,,,,,,,,,,,,,,,,,,,,,,,,,,,
,,,,,,,,,,,,,,,,,,,,,,,,,,,,,,
,,,,,,,,,,,,,,,,,,,,,,,,,,,,,,
,,,,,,,,,,,,,,,,,,,,,,,,,,,,,,
,,,,,,,,,,,,,,,,,,,,,,,,,,,,,,
,,,,,,,,,,,,,,,,,,,,,,,,,,,,,,
,,,,,,,,,,,,,,,,,,,,,,,,,,,,,,
,,,,,,,,,,,,,,,,,,,,,,,,,,,,,,
,,,,,,,,,,,,,,,,,,,,,,,,,,,,,,
,,,,,,,,,,,,,,,,,,,,,,,,,,,,,,
,,,,,,,,,,,,,,,,,,,,,,,,,,,,,,
,,,,,,,,,,,,,,,,,,,,,,,,,,,,,,
,,,,,,,,,,,,,,,,,,,,,,,,,,,,,,
,,,,,,,,,,,,,,,,,,,,,,,,,,,,,,
,,,,,,,,,,,,,,,,,,,,,,,,,,,,,,
,,,,,,,,,,,,,,,,,,,,,,,,,,,,,,
,,,,,,,,,,,,,,,,,,,,,,,,,,,,,,
,,,,,,,,,,,,,,,,,,,,,,,,,,,,,,
,,,,,,,,,,,,,,,,,,,,,,,,,,,,,,
,,,,,,,,,,,,,,,,,,,,,,,,,,,,,,
,,,,,,,,,,,,,,,,,,,,,,,,,,,,,,
,,,,,,,,,,,,,,,,,,,,,,,,,,,,,,
,,,,,,,,,,,,,,,,,,,,,,,,,,,,,,
,,,,,,,,,,,,,,,,,,,,,,,,,,,,,,
Lucky,,1,,,21,,4,,114,mag%,1,4,,,,,,,lcha,,,,,,,,,,,
Lucky,,,,,38,,4,,114,mag%,5,7,,,,,,,lcha,,,,,,,,,,,
Lucky,,,,,55,,4,,114,mag%,8,12,,,,,,,lcha,,,,,,,,,,,
Lucky,,1,,,34,,4,,114,mag%,1,1,,,,,,,mcha,,,,,,,,,,,
Lucky,,,,,53,,4,,114,mag%,2,3,,,,,,,mcha,,,,,,,,,,,
Lucky,,,,,51,,4,,114,mag%,4,6,,,,,,,mcha,,,,,,,,,,,
Felicitous,,1,,,5,,4,,114,mag%,5,10,,,,,,,ring,amul,circ,,,,,,,,,
Fortuitous,,,,,12,,4,,114,mag%,11,15,,,,,,,ring,amul,circ,,,,,,,,,
Emerald,,1,,,16,,4,,114,mag%,3,7,,,,,,,jewl,,,,,,,,,,,
Lizard's,,1,,,1,,4,,115,mana,3,7,,,,,,,lcha,,,,,,,,,,,
Lizard's,,1,,,7,,4,,115,mana,8,13,,,,,,,lcha,,,,,,,,,,,
Lizard's,,1,,,13,,4,,115,mana,14,20,,,,,,,lcha,,,,,,,,,,,
Snake's,,1,,,19,,4,,115,mana,21,26,,,,,,,lcha,,,,,,,,,,,
Snake's,,1,,,25,,4,,115,mana,27,33,,,,,,,lcha,,,,,,,,,,,
Snake's,,1,,,31,,4,,115,mana,34,39,,,,,,,lcha,,,,,,,,,,,
Serpent's,,1,,,37,,4,,115,mana,40,46,,,,,,,lcha,,,,,,,,,,,
Serpent's,,1,,,43,,4,,115,mana,47,52,,,,,,,lcha,,,,,,,,,,,
Serpent's,,1,,,49,,4,,115,mana,53,59,,,,,,,lcha,,,,,,,,,,,
Lizard's,,1,,,1,,4,,115,mana,2,4,,,,,,,mcha,,,,,,,,,,,
Lizard's,,1,,,9,,4,,115,mana,5,7,,,,,,,mcha,,,,,,,,,,,
Lizard's,,1,,,17,,4,,115,mana,8,12,,,,,,,mcha,,,,,,,,,,,
Snake's,,1,,,25,,4,,115,mana,13,18,,,,,,,mcha,,,,,,,,,,,
Snake's,,1,,,33,,4,,115,mana,19,23,,,,,,,mcha,,,,,,,,,,,
Serpent's,,1,,,41,,4,,115,mana,24,29,,,,,,,mcha,,,,,,,,,,,
Serpent's,,1,,,49,,4,,115,mana,30,34,,,,,,,mcha,,,,,,,,,,,
Lizard's,,1,,,16,,4,,115,mana,1,2,,,,,,,scha,,,,,,,,,,,
Lizard's,,1,,,16,,4,,115,mana,3,7,,,,,,,scha,,,,,,,,,,,
Snake's,,1,,,32,,4,,115,mana,8,12,,,,,,,scha,,,,,,,,,,,
Serpent's,,,,,48,,4,,115,mana,13,17,,,,,,,scha,,,,,,,,,,,
Lizard's,,1,,,3,,4,,115,mana,3,5,,,,,,,armo,ring,amul,rod,orb,,,boot,glov,,,
Snake's,,1,,,6,,4,,115,mana,5,10,,,,,,,shld,rod,belt,ring,amul,circ,,,,,,
Serpent's,,1,,,14,,3,,115,mana,11,20,,,,,,,shld,rod,belt,ring,amul,circ,,,,,,
Serpent's,,1,,,37,,2,,115,mana,11,20,,,,,,,tors,boot,glov,weap,orb,,,rod,,,,
Drake's,,1,,,20,,2,,115,mana,21,30,,,,,,,rod,ring,amul,orb,circ,,,,,,,
Dragon's,,1,,,24,,2,,115,mana,31,40,,,,,,,rod,ring,amul,orb,circ,,,,,,,
Dragon's,,1,,,52,,2,,115,mana,31,40,,,,,,,tors,boot,glov,,,,,,,,,
Wyrm's,,1,,,30,,2,,115,mana,41,60,,,,,,,rod,ring,amul,orb,circ,,,,,,,
Great Wyrm's,,1,,,37,,2,,115,mana,61,90,,,,,,,rod,ring,amul,orb,circ,,,,,,,
Bahamut's,,,,,45,,2,,115,mana,91,120,,,,,,,rod,ring,amul,orb,circ,,,,,,,
Zircon,,1,,,3,,2,,115,mana,5,10,,,,,,,jewl,,,,,,,,,,,
Jacinth,,1,,,17,,2,,115,mana,11,15,,,,,,,jewl,,,,,,,,,,,
Turquoise,,,,,29,,2,,115,mana,16,20,,,,,,,jewl,,,,,,,,,,,
Shimmering,,,,,8,13,1,,116,res-all,3,6,,,,,,,lcha,,,,,,,,,,,
Shimmering,,,,,14,34,1,,116,res-all,8,12,,,,,,,lcha,,,,,,,,,,,
Shimmering,,,,,35,,1,,116,res-all,13,15,,,,,,,lcha,,,,,,,,,,,
Shimmering,,,,,17,33,1,,116,res-all,3,5,,,,,,,mcha,,,,,,,,,,,
Shimmering,,,,,34,,1,,116,res-all,6,8,,,,,,,mcha,,,,,,,,,,,
Shimmering,,,,,33,,1,,116,res-all,3,5,,,,,,,scha,,,,,,,,,,,
Shimmering,,1,,,6,,5,,116,res-all,3,7,,,,,,,shld,,,,,,,,,,,
Rainbow,,1,,,18,,5,,116,res-all,8,11,,,,,,,shld,,,,,,,,,,,
Scintillating,,1,,,28,,5,,116,res-all,12,15,,,,,,,shld,,,,,,,,,,,
Prismatic,,1,,,39,,4,,116,res-all,16,20,,,,,,,shld,,,,,,,,,,,
Chromatic,,,,,50,,4,,116,res-all,21,30,,,,,,,shld,,,,,,,,,,,
Shimmering,,1,,,8,,5,,116,res-all,3,7,,,,,,,amul,circ,,,,,,,,,,
Rainbow,,1,,,21,,5,,116,res-all,8,11,,,,,,,amul,circ,,,,,,,,,,
Scintillating,,1,,,34,,5,,116,res-all,12,15,,,,,,,amul,circ,,,,,,,,,,
Prismatic,,1,,,42,,4,,116,res-all,16,20,,,,,,,amul,circ,,,,,,,,,,
Chromatic,,,,,55,,3,,116,res-all,21,30,,,,,,,amul,circ,,,,,,,,,,
Shimmering,,1,,,45,,3,,116,res-all,3,7,,,,,,,ring,,,,,,,,,,,
Rainbow,,1,,,56,,2,,116,res-all,8,11,,,,,,,ring,,,,,,,,,,,
Scintillating,,,,,67,,2,,116,res-all,12,15,,,,,,,ring,,,,,,,,,,,
Shimmering,,1,,,16,,1,,116,res-all,5,10,,,,,,,jewl,,,,,,,,,,,
Scintillating,,,,,34,,1,,116,res-all,11,15,,,,,,,jewl,,,,,,,,,,,
Azure,,1,,,1,,2,,117,res-cold,7,15,,,,,,,lcha,,,,,,,,,,,
Lapis,,1,,,10,,2,,117,res-cold,16,20,,,,,,,lcha,,,,,,,,,,,
Cobalt,,1,,,20,,2,,117,res-cold,21,25,,,,,,,lcha,,,,,,,,,,,
Sapphire,,,,,30,,2,,117,res-cold,26,30,,,,,,,lcha,,,,,,,,,,,
Azure,,1,,,1,,2,,117,res-cold,4,7,,,,,,,mcha,,,,,,,,,,,
Lapis,,1,,,16,,2,,117,res-cold,8,10,,,,,,,mcha,,,,,,,,,,,
Cobalt,,1,,,25,,2,,117,res-cold,11,12,,,,,,,mcha,,,,,,,,,,,
Sapphire,,,,,35,,2,,117,res-cold,13,15,,,,,,,mcha,,,,,,,,,,,
Azure,,1,,,1,,2,,117,res-cold,3,5,,,,,,,scha,,,,,,,,,,,
Lapis,,1,,,14,,2,,117,res-cold,6,7,,,,,,,scha,,,,,,,,,,,
Cobalt,,1,,,27,,2,,117,res-cold,8,9,,,,,,,scha,,,,,,,,,,,
Sapphire,,,,,40,,2,,117,res-cold,10,11,,,,,,,scha,,,,,,,,,,,
Azure,,1,,,5,,2,,117,res-cold,5,10,,,,,,,armo,weap,ring,amul,orb,circ,,,,,,
Lapis,,1,,,12,,4,,117,res-cold,11,20,,,,,,,armo,ring,amul,orb,circ,,,,,,,
Lapis,,1,,,35,,2,,117,res-cold,11,20,,,,,,,weap,,,,,,,orb,,,,
Cobalt,,1,,,18,,3,,117,res-cold,21,30,,,,,,,armo,ring,amul,orb,circ,,,,,,,
Cobalt,,1,,,55,,2,,117,res-cold,21,30,,,,,,,weap,,,,,,,orb,,,,
Sapphire,,1,,,25,,3,,117,res-cold,31,40,,,,,,,rod,boot,amul,orb,circ,,,,,,,
Lapis Lazuli,,1,,,2,,4,,117,res-cold,5,15,,,,,,,jewl,,,,,,,,,,,
Sapphire,,1,,,19,,4,,117,res-cold,16,30,,,,,,,jewl,,,,,,,,,,,
Crimson,,1,,,1,,2,,118,res-fire,7,15,,,,,,,lcha,,,,,,,,,,,
Russet,,1,,,10,,2,,118,res-fire,16,20,,,,,,,lcha,,,,,,,,,,,
Garnet,,1,,,20,,2,,118,res-fire,21,25,,,,,,,lcha,,,,,,,,,,,
Ruby,,,,,30,,2,,118,res-fire,26,30,,,,,,,lcha,,,,,,,,,,,
Crimson,,1,,,1,,2,,118,res-fire,4,7,,,,,,,mcha,,,,,,,,,,,
Russet,,1,,,16,,2,,118,res-fire,8,10,,,,,,,mcha,,,,,,,,,,,
Garnet,,1,,,25,,2,,118,res-fire,11,12,,,,,,,mcha,,,,,,,,,,,
Ruby,,,,,35,,2,,118,res-fire,13,15,,,,,,,mcha,,,,,,,,,,,
Crimson,,1,,,1,,2,,118,res-fire,3,5,,,,,,,scha,,,,,,,,,,,
Russet,,1,,,14,,2,,118,res-fire,6,7,,,,,,,scha,,,,,,,,,,,
Garnet,,,,,27,,2,,118,res-fire,8,9,,,,,,,scha,,,,,,,,,,,
Ruby,,1,,,40,,2,,118,res-fire,10,11,,,,,,,scha,,,,,,,,,,,
Russet,,1,,,12,,4,,118,res-fire,11,20,,,,,,,armo,ring,amul,orb,circ,,,,,,,
Russet,,1,,,35,,1,,118,res-fire,11,20,,,,,,,weap,,,,,,,orb,,,,
Garnet,,1,,,18,,3,,118,res-fire,21,30,,,,,,,armo,ring,amul,orb,circ,,,,,,,
Garnet,,1,,,55,,1,,118,res-fire,21,30,,,,,,,weap,,,,,,,orb,,,,
Ruby,,1,,,25,,3,,118,res-fire,31,40,,,,,,,rod,boot,amul,orb,circ,,,,,,,
Garnet,,1,,,2,,4,,117,res-fire,5,15,,,,,,,jewl,,,,,,,,,,,
Ruby,,1,,,18,,4,,117,res-fire,16,30,,,,,,,jewl,,,,,,,,,,,
Tangerine,,1,,,1,,2,,119,res-ltng,7,15,,,,,,,lcha,,,,,,,,,,,
Ocher,,1,,,10,,2,,119,res-ltng,16,20,,,,,,,lcha,,,,,,,,,,,
Coral,,1,,,20,,2,,119,res-ltng,21,25,,,,,,,lcha,,,,,,,,,,,
Amber,,,,,30,,2,,119,res-ltng,26,30,,,,,,,lcha,,,,,,,,,,,
Tangerine,,1,,,1,,2,,119,res-ltng,4,7,,,,,,,mcha,,,,,,,,,,,
Ocher,,1,,,16,,2,,119,res-ltng,8,10,,,,,,,mcha,,,,,,,,,,,
Coral,,1,,,25,,2,,119,res-ltng,11,12,,,,,,,mcha,,,,,,,,,,,
Amber,,,,,35,,2,,119,res-ltng,13,15,,,,,,,mcha,,,,,,,,,,,
Tangerine,,1,,,1,,2,,119,res-ltng,3,5,,,,,,,scha,,,,,,,,,,,
Ocher,,1,,,14,,2,,119,res-ltng,6,7,,,,,,,scha,,,,,,,,,,,
Coral,,1,,,27,,2,,119,res-ltng,8,9,,,,,,,scha,,,,,,,,,,,
Amber,,,,,40,,2,,119,res-ltng,10,11,,,,,,,scha,,,,,,,,,,,
Tangerine,,1,,,5,,4,,119,res-ltng,5,10,,,,,,,armo,weap,ring,amul,orb,circ,,,,,,
Ocher,,1,,,12,,4,,119,res-ltng,11,20,,,,,,,armo,ring,amul,orb,circ,,,,,,,
Ocher,,1,,,35,,1,,119,res-ltng,11,20,,,,,,,weap,,,,,,,orb,,,,
Coral,,1,,,18,,3,,119,res-ltng,21,30,,,,,,,armo,ring,amul,orb,circ,,,,,,,
Coral,,1,,,55,,1,,119,res-ltng,21,30,,,,,,,weap,,,,,,,orb,,,,
Amber,,1,,,25,,3,,119,res-ltng,31,40,,,,,,,rod,boot,amul,orb,circ,,,,,,,
Camphor,,1,,,2,,4,,117,res-ltng,5,15,,,,,,,jewl,,,,,,,,,,,
Ambergris,,1,,,19,,4,,117,res-ltng,16,30,,,,,,,jewl,,,,,,,,,,,
Beryl,,1,,,1,,2,,120,res-pois,7,15,,,,,,,lcha,,,,,,,,,,,
Viridian,,1,,,10,,2,,120,res-pois,16,20,,,,,,,lcha,,,,,,,,,,,
Jade,,1,,,20,,2,,120,res-pois,21,25,,,,,,,lcha,,,,,,,,,,,
Emerald,,,,,30,,2,,120,res-pois,26,30,,,,,,,lcha,,,,,,,,,,,
Beryl,,1,,,1,,2,,120,res-pois,4,7,,,,,,,mcha,,,,,,,,,,,
Viridian,,1,,,16,,2,,120,res-pois,8,10,,,,,,,mcha,,,,,,,,,,,
Jade,,1,,,25,,2,,120,res-pois,11,12,,,,,,,mcha,,,,,,,,,,,
Emerald,,,,,35,,2,,120,res-pois,13,15,,,,,,,mcha,,,,,,,,,,,
Beryl,,1,,,1,,2,,120,res-pois,3,5,,,,,,,scha,,,,,,,,,,,
Viridian,,1,,,14,,2,,120,res-pois,6,7,,,,,,,scha,,,,,,,,,,,
Jade,,1,,,27,,2,,120,res-pois,8,9,,,,,,,scha,,,,,,,,,,,
Emerald,,,,,40,,2,,120,res-pois,10,11,,,,,,,scha,,,,,,,,,,,
Beryl,,1,,,5,,4,,120,res-pois,5,10,,,,,,,armo,weap,ring,amul,orb,circ,,,,,,
Viridian,,1,,,12,,4,,120,res-pois,11,20,,,,,,,armo,ring,amul,orb,circ,,,,,,,
Viridian,,1,,,35,,1,,120,res-pois,11,20,,,,,,,weap,,,,,,,orb,,,,
Jade,,1,,,18,,3,,120,res-pois,21,30,,,,,,,armo,ring,amul,orb,circ,,,,,,,
Jade,,1,,,55,,1,,120,res-pois,21,30,,,,,,,weap,,,,,,,orb,,,,
Emerald,,1,,,25,,3,,120,res-pois,31,40,,,,,,,rod,boot,amul,orb,circ,,,,,,,
Beryl,,1,,,2,,4,,117,res-pois,5,15,,,,,,,jewl,,,,,,,,,,,
Jade,,1,,,19,,4,,117,res-pois,16,30,,,,,,,jewl,,,,,,,,,,,
Triumphant,,1,,,3,,4,,121,mana-kill,1,1,,,,,,,weap,ring,circ,,,,,,,,,
Victorious,,1,,,17,,4,,121,mana-kill,2,5,,,,,,,weap,circ,,,,,,,,,,
Aureolin,,1,,,22,,4,,121,mana-kill,1,3,,,,,,,jewl,,,,,,,,,,,
Mechanist's,,1,,,10,,3,,122,sock,1,2,,,,,,,weap,shld,helm,tors,circ,,,thro,,,,
Artificer's,,,,,33,,2,,122,sock,,,,,,,,,weap,shld,helm,tors,,,,thro,,,,
Jeweler's,,,,,55,,1,,122,sock,,,,,,,,,weap,shld,helm,tors,,,,thro,,,,
Assamic,,1,,,3,,2,,123,att-demon,25,50,dmg-demon,10,25,,,,weap,circ,,,,,,wand,orb,,,
Arcadian,,1,,,15,,2,,123,att-demon,51,100,dmg-demon,26,50,,,,weap,circ,,,,,,wand,orb,,,
Unearthly,,1,,,25,,1,,123,att-demon,101,150,dmg-demon,51,100,,,,weap,,,,,,,wand,orb,,,
Astral,,1,,,35,,1,,123,att-demon,151,200,dmg-demon,101,150,,,,weap,,,,,,,wand,orb,,,
Elysian,,1,,,45,,1,,123,att-demon,201,300,dmg-demon,151,200,,,,weap,,,,,,,wand,orb,,,
Celestial,,,,,55,,1,,123,att-demon,301,400,dmg-demon,201,300,,,,weap,,,,,,,wand,orb,,,
Diamond,,1,,,26,,1,,123,att-demon,25,50,dmg-demon,25,40,,,,jewl,,,,,,,,,,,
Fletcher's,,,,,50,,1,,125,skilltab,1,1,,,,,,,lcha,,,,,,,,,,,
Acrobat's,,,,,50,,1,,125,skilltab,1,1,,,,,,,lcha,,,,,,,,,,,
Harpoonist's,,,,,50,,1,,125,skilltab,1,1,,,,,,,lcha,,,,,,,,,,,
Fletcher's,,1,,,20,,1,,125,skilltab,1,1,,,,,,,miss,glov,,,,,,,,,,
Bowyer's,,1,,,40,,1,,125,skilltab,2,2,,,,,,,miss,glov,,,,,,,,,,
Archer's,,,,,60,,1,,125,skilltab,3,3,,,,,,,miss,glov,,,,,,,,,,
Acrobat's,,1,,,20,,1,,125,skilltab,1,1,,,,,,,glov,amul,circ,,,,,,,,,
Gymnast's,,1,,,40,,1,,125,skilltab,2,2,,,,,,,glov,amul,circ,,,,,,,,,
Athlete's,,,,,60,,1,,125,skilltab,3,3,,,,,,,glov,amul,circ,,,,,,,,,
Harpoonist's,,1,,,20,,1,,125,skilltab,1,1,,,,,,,spea,glov,,,,,,,,,,
Spearmaiden's,,1,,,40,,1,,125,skilltab,2,2,,,,,,,spea,glov,,,,,,,,,,
Lancer's,,,,,60,,1,,125,skilltab,3,3,,,,,,,spea,glov,,,,,,,,,,
Burning,,1,,,50,,1,,125,skilltab,1,1,,,,,,,lcha,,,,,,,,,,,
Sparking,,1,,,50,,1,,125,skilltab,1,1,,,,,,,lcha,,,,,,,,,,,
Chilling,,1,,,50,,1,,125,skilltab,1,1,,,,,,,lcha,,,,,,,,,,,
Burning,,1,,,20,,1,,125,skilltab,1,1,,,,,,,staff,orb,amul,circ,,,,,,,,
Blazing,,1,,,40,,1,,125,skilltab,2,2,,,,,,,staff,orb,amul,circ,,,,,,,,
Volcanic,,,,,60,,1,,125,skilltab,3,3,,,,,,,staff,orb,amul,circ,,,,,,,,
Sparking,,1,,,20,,1,,125,skilltab,1,1,,,,,,,staff,orb,amul,circ,,,,,,,,
Charged,,1,,,40,,1,,125,skilltab,2,2,,,,,,,staff,orb,amul,circ,,,,,,,,
Powered,,,,,60,,1,,125,skilltab,3,3,,,,,,,staff,orb,amul,circ,,,,,,,,
Chilling,,1,,,20,,1,,125,skilltab,1,1,,,,,,,staff,orb,amul,circ,,,,,,,,
Freezing,,1,,,40,,1,,125,skilltab,2,2,,,,,,,staff,orb,amul,circ,,,,,,,,
Glacial,,,,,60,,1,,125,skilltab,3,3,,,,,,,staff,orb,amul,circ,,,,,,,,
Hexing,,1,,,50,,1,,125,skilltab,1,1,,,,,,,lcha,,,,,,,,,,,
Fungal,,1,,,50,,1,,125,skilltab,1,1,,,,,,,lcha,,,,,,,,,,,
Graverobber's,,1,,,50,,1,,125,skilltab,1,1,,,,,,,lcha,,,,,,,,,,,
Hexing,,1,,,20,,1,,125,skilltab,1,1,,,,,,,wand,head,amul,circ,,,,,,,,
Blighting,,1,,,40,,1,,125,skilltab,2,2,,,,,,,wand,head,amul,circ,,,,,,,,
Accursed,,,,,60,,1,,125,skilltab,3,3,,,,,,,wand,head,amul,circ,,,,,,,,
Fungal,,1,,,20,,1,,125,skilltab,1,1,,,,,,,wand,head,amul,knif,circ,,,tkni,,,,
Noxious,,1,,,40,,1,,125,skilltab,2,2,,,,,,,wand,head,amul,knif,circ,,,tkni,,,,
Venomous,,,,,60,,1,,125,skilltab,3,3,,,,,,,wand,head,amul,knif,circ,,,tkni,,,,
Graverobber's,,1,,,20,,1,,125,skilltab,1,1,,,,,,,wand,head,amul,circ,,,,,,,,
Vodoun,,1,,,40,,1,,125,skilltab,2,2,,,,,,,wand,head,amul,circ,,,,,,,,
Golemlord's,,,,,60,,1,,125,skilltab,3,3,,,,,,,wand,head,amul,circ,,,,,,,,
Lion Branded,,1,,,50,,1,,125,skilltab,1,1,,,,,,,lcha,,,,,,,,,,,
Captain's,,1,,,50,,1,,125,skilltab,1,1,,,,,,,lcha,,,,,,,,,,,
Preserver's,,1,,,50,,1,,125,skilltab,1,1,,,,,,,lcha,,,,,,,,,,,
Lion Branded,,1,,,20,,1,,125,skilltab,1,1,,,,,,,scep,swor,mace,shld,ashd,amul,circ,,,,,
Hawk Branded,,1,,,40,,1,,125,skilltab,2,2,,,,,,,scep,swor,mace,shld,ashd,amul,circ,,,,,
Rose Branded,,,,,60,,1,,125,skilltab,3,3,,,,,,,scep,swor,mace,shld,ashd,amul,circ,,,,,
Captain's,,1,,,20,,1,,125,skilltab,1,1,,,,,,,scep,swor,mace,shld,ashd,amul,circ,,,,,
Commander's,,1,,,40,,1,,125,skilltab,2,2,,,,,,,scep,swor,mace,shld,ashd,amul,circ,,,,,
Marshal's,,,,,60,,1,,125,skilltab,3,3,,,,,,,scep,swor,mace,shld,ashd,amul,circ,,,,,
Preserver's,,1,,,20,,1,,125,skilltab,1,1,,,,,,,shld,ashd,amul,circ,,,,,,,,
Warder's,,1,,,40,,1,,125,skilltab,2,2,,,,,,,shld,ashd,amul,circ,,,,,,,,
Guardian's,,,,,60,,1,,125,skilltab,3,3,,,,,,,shld,ashd,amul,circ,,,,,,,,
Expert's,,1,,,50,,1,,125,skilltab,1,1,,,,,,,lcha,,,,,,,,,,,
Fanatic,,1,,,50,,1,,125,skilltab,1,1,,,,,,,lcha,,,,,,,,,,,
Sounding,,1,,,50,,1,,125,skilltab,1,1,,,,,,,lcha,,,,,,,,,,,
Expert's,,1,,,20,,1,,125,skilltab,1,1,,,,,,,phlm,weap,helm,,,,,miss,rod,,,
Veteran's,,1,,,40,,1,,125,skilltab,2,2,,,,,,,phlm,weap,helm,,,,,miss,rod,,,
Master's,,,,,60,,1,,125,skilltab,3,3,,,,,,,phlm,weap,helm,,,,,miss,rod,,,
Fanatic,,1,,,20,,1,,125,skilltab,1,1,,,,,,,phlm,weap,amul,,,,,miss,rod,,,
Raging,,1,,,40,,1,,125,skilltab,2,2,,,,,,,phlm,weap,amul,,,,,miss,rod,,,
Furious,,,,,60,,1,,125,skilltab,3,3,,,,,,,phlm,weap,amul,,,,,miss,rod,,,
Sounding,,1,,,20,,1,,125,skilltab,1,1,,,,,,,phlm,weap,amul,,,,,miss,rod,,,
Resonant,,1,,,40,,1,,125,skilltab,2,2,,,,,,,phlm,weap,amul,,,,,miss,rod,,,
Echoing,,,,,60,,1,,125,skilltab,3,3,,,,,,,phlm,weap,amul,,,,,miss,rod,,,
Trainer's,,1,,,50,,1,,125,skilltab,1,1,,,,,,,lcha,,,,,,,,,,,
Spiritual,,1,,,50,,1,,125,skilltab,1,1,,,,,,,lcha,,,,,,,,,,,
Nature's,,1,,,50,,1,,125,skilltab,1,1,,,,,,,lcha,,,,,,,,,,,
Trainer's,,1,,,20,,1,,125,skilltab,1,1,,,,,,,club,pelt,amul,circ,,,,,,,,
Caretaker's,,1,,,40,,1,,125,skilltab,2,2,,,,,,,club,pelt,amul,circ,,,,,,,,
Keeper's,,,,,60,,1,,125,skilltab,3,3,,,,,,,club,pelt,amul,circ,,,,,,,,
Spiritual,,1,,,20,,1,,125,skilltab,1,1,,,,,,,club,pelt,amul,circ,,,,,,,,
Feral,,1,,,40,,1,,125,skilltab,2,2,,,,,,,club,pelt,amul,circ,,,,,,,,
Communal,,,,,60,,1,,125,skilltab,3,3,,,,,,,club,pelt,amul,circ,,,,,,,,
Nature's,,1,,,20,,1,,125,skilltab,1,1,,,,,,,club,pelt,amul,circ,,,,,,,,
Terra's,,1,,,40,,1,,125,skilltab,2,2,,,,,,,club,pelt,amul,circ,,,,,,,,
Gaea's,,,,,60,,1,,125,skilltab,3,3,,,,,,,club,pelt,amul,circ,,,,,,,,
Entrapping,,1,,,50,,1,,125,skilltab,1,1,,,,,,,lcha,,,,,,,,,,,
Mentalist's,,1,,,50,,1,,125,skilltab,1,1,,,,,,,lcha,,,,,,,,,,,
Shogukusha's,,1,,,50,,1,,125,skilltab,1,1,,,,,,,lcha,,,,,,,,,,,
Entrapping,,1,,,20,,1,,125,skilltab,1,1,,,,,,,h2h,amul,circ,,,,,,,,,
Trickster's,,1,,,40,,1,,125,skilltab,2,2,,,,,,,h2h,amul,circ,,,,,,,,,
Cunning,,,,,60,,1,,125,skilltab,3,3,,,,,,,h2h,amul,circ,,,,,,,,,
Mentalist's,,1,,,20,,1,,125,skilltab,1,1,,,,,,,h2h,amul,helm,circ,,,,,,,,
Psychic,,1,,,40,,1,,125,skilltab,2,2,,,,,,,h2h,amul,helm,circ,,,,,,,,
Shadow,,,,,60,,1,,125,skilltab,3,3,,,,,,,h2h,amul,helm,circ,,,,,,,,
Shogukusha's,,1,,,20,,1,,125,skilltab,1,1,,,,,,,h2h,amul,glov,circ,,,,,,,,
Sensei's,,1,,,40,,1,,125,skilltab,2,2,,,,,,,h2h,amul,glov,circ,,,,,,,,
Kenshi's,,,,,60,,1,,125,skilltab,3,3,,,,,,,h2h,amul,glov,circ,,,,,,,,
Miocene,,,,,1,,1,,101,ac/lvl,,,,,,,,,tors,,,,,,,,,,,
Miocene,,1,,,1,,1,,101,ac/lvl,,,,,,,,,glov,boot,belt,shld,,,,,,,,
Oligocene,,1,,,10,,1,,101,ac/lvl,,,,,,,,,tors,,,,,,,,,,,
Oligocene,,1,,,10,,1,,101,ac/lvl,,,,,,,,,glov,boot,belt,shld,,,,,,,,
Eocene,,1,,,20,,1,,101,ac/lvl,,,,,,,,,tors,,,,,,,,,,,
Eocene,,1,,,20,,1,,101,ac/lvl,,,,,,,,,glov,boot,belt,shld,,,,,,,,
Paleocene,,1,,,30,,4,,101,ac/lvl,,,,,,,,,tors,,,,,,,,,,,
Paleocene,,1,,,30,,3,,101,ac/lvl,,,,,,,,,glov,boot,belt,shld,,,,,,,,
Knave's,,,,,1,,1,,111,dmg/lvl,,,att/lvl,,,,,,weap,,,,,,,staf,wand,orb,,
Jack's,,1,,,10,,1,,111,dmg/lvl,,,att/lvl,,,,,,weap,,,,,,,staf,wand,orb,,
Jester's,,1,,,20,,1,,111,dmg/lvl,,,att/lvl,,,,,,weap,,,,,,,staf,wand,orb,,
Joker's,,1,,,35,,1,,111,dmg/lvl,,,att/lvl,,,,,,weap,,,,,,,staf,wand,orb,,
Trump,,1,,,50,,7,,111,dmg/lvl,,,att/lvl,,,,,,weap,,,,,,,staf,wand,orb,,
Loud,,,,,1,,1,,105,dmg/lvl,,,,,,,,,weap,,,,,,,staf,wand,orb,,
Calling,,1,,,10,,1,,105,dmg/lvl,,,,,,,,,weap,,,,,,,staf,wand,orb,,
Yelling,,1,,,20,,1,,105,dmg/lvl,,,,,,,,,weap,,,,,,,staf,wand,orb,,
Shouting,,1,,,35,,1,,105,dmg/lvl,,,,,,,,,weap,,,,,,,staf,wand,orb,,
Gritty,,1,,,50,,7,,105,dmg/lvl,,,,,,,,,weap,,,,,,,staf,wand,orb,,
Paradox,,1,,,25,,1,,101,ac%/lvl,,,,,,,,,tors,,,,,,,,,,,
Paradox,,1,,,25,,1,,105,dmg%/lvl,,,,,,,,,weap,,,,,,,staf,wand,orb,,
Robineye,,,,,1,,1,,111,att/lvl,,,,,,,,,weap,,,,,,,staf,wand,orb,,
Sparroweye,,,,,10,,1,,111,att/lvl,,,,,,,,,weap,,,,,,,staf,wand,orb,,
Falconeye,,,,,20,,1,,111,att/lvl,,,,,,,,,weap,,,,,,,staf,wand,orb,,
Hawkeye,,,,,35,,7,,111,att/lvl,,,,,,,,,weap,,,,,,,staf,wand,orb,,
Eagleeye,,,,,50,,1,,111,att/lvl,,,,,,,,,weap,,,,,,,staf,wand,orb,,
Visionary,,1,,,25,,1,,111,att%/lvl,,,,,,,,,helm,miss,,,,,,,,,,
Mnemonic,,1,,,25,,1,,115,mana/lvl,,,,,,,,,helm,,,,,,,,,,,
Snowflake,,1,,,25,,3,,137,cold-len,25,25,cold-min,6,9,cold-max,19,30,weap,circ,,,,,,,,,,
Shivering,,1,,,35,,2,,137,cold-len,50,50,cold-min,10,15,cold-max,31,45,weap,,,,,,,,,,,
Boreal,,1,,,50,,1,,137,cold-len,75,75,cold-min,16,23,cold-max,46,90,weap,,,,,,,,,,,
Hibernal,,1,,,70,,1,,137,cold-len,100,100,cold-min,24,45,cold-max,91,140,weap,,,,,,,,,,,
Ember,,1,,,25,,3,,138,fire-min,16,25,fire-max,31,60,,,,weap,circ,,,,,,,,,,
Smoldering,,1,,,35,,2,,138,fire-min,26,50,fire-max,61,90,,,,weap,,,,,,,,,,,
Smoking,,1,,,47,,1,,138,fire-min,51,80,fire-max,91,130,,,,weap,,,,,,,,,,,
Flaming,,1,,,61,,1,,138,fire-min,81,120,fire-max,131,180,,,,weap,,,,,,,,,,,
Scorching,,1,,,77,,1,,138,fire-min,121,170,fire-max,181,240,,,,weap,,,,,,,,,,,
Static,,1,,,25,,3,,139,ltng-min,1,1,ltng-max,49,120,,,,weap,circ,,,,,,,,,,
Glowing,,1,,,34,,2,,139,ltng-min,1,1,ltng-max,121,180,,,,weap,,,,,,,,,,,
Buzzing,,1,,,46,,1,,139,ltng-min,1,1,ltng-max,181,260,,,,weap,,,,,,,,,,,
Arcing,,1,,,60,,1,,139,ltng-min,1,1,ltng-max,261,360,,,,weap,,,,,,,,,,,
Shocking,,1,,,76,,1,,139,ltng-min,1,1,ltng-max,361,480,,,,weap,,,,,,,,,,,
Septic,,1,,,1,,3,,140,dmg-pois,31,31,,,,,,,weap,circ,,,,,,,,,,
Envenomed,,1,,,10,,2,,140,dmg-pois,41,41,,,,,,,weap,,,,,,,,,,,
Corosive,,1,,,20,,1,,140,dmg-pois,205,205,,,,,,,weap,,,,,,,,,,,
Toxic,,1,,,35,,1,,140,dmg-pois,308,308,,,,,,,weap,,,,,,,,,,,
Pestilent,,,,,50,,1,,140,dmg-pois,470,470,,,,,,,weap,,,,,,,,,,,
Maiden's,,1,,,36,,4,,125,ama,1,1,,,,,,,amul,circ,,,,,,,,,,
Valkyrie's,,1,,,90,,2,,125,ama,2,2,,,,,,,amul,circ,,,,,,,,,,
Maiden's,,1,,,30,,4,,125,ama,1,1,,,,,,,miss,spea,,,,,,,,,,
Valkyrie's,,1,,,50,,2,,125,ama,2,2,,,,,,,miss,spea,,,,,,,,,,
Monk's,,1,,,36,,4,,125,pal,1,1,,,,,,,amul,circ,,,,,,,,,,
Priest's,,1,,,90,,2,,125,pal,2,2,,,,,,,amul,circ,,,,,,,,,,
Monk's,,1,,,30,,4,,125,pal,1,1,,,,,,,scep,ashd,,,,,,,,,,
Priest's,,1,,,50,,2,,125,pal,2,2,,,,,,,scep,ashd,,,,,,,,,,
Monk's,,1,,,35,,4,,125,pal,1,1,,,,,,,swor,mace,hamm,shld,,,,,,,,
Priest's,,1,,,65,,2,,125,pal,2,2,,,,,,,swor,mace,hamm,shld,,,,,,,,
Summoner's,,1,,,36,,4,,125,nec,1,1,,,,,,,amul,circ,,,,,,,,,,
Necromancer's,,1,,,90,,2,,125,nec,2,2,,,,,,,amul,circ,,,,,,,,,,
Summoner's,,1,,,30,,4,,125,nec,1,1,,,,,,,wand,knif,head,,,,,,,,,
Necromancer's,,1,,,50,,2,,125,nec,2,2,,,,,,,wand,knif,head,,,,,,,,,
Angel's,,1,,,36,,4,,125,sor,1,1,,,,,,,amul,circ,,,,,,,,,,
Arch-Angel's,,1,,,90,,2,,125,sor,2,2,,,,,,,amul,circ,,,,,,,,,,
Angel's,,1,,,30,,4,,125,sor,1,1,,,,,,,staf,orb,,,,,,,,,,
Arch-Angel's,,1,,,50,,2,,125,sor,2,2,,,,,,,staf,orb,,,,,,,,,,
Slayer's,,1,,,36,,4,,125,bar,1,1,,,,,,,amul,circ,,,,,,,,,,
Berserker's,,1,,,90,,2,,125,bar,2,2,,,,,,,amul,circ,,,,,,,,,,
Slayer's,,1,,,30,,4,,125,bar,1,1,,,,,,,tkni,axe,spea,club,swor,hamm,mace,jave,,,,
Berserker's,,1,,,50,,1,,125,bar,2,2,,,,,,,tkni,axe,spea,club,swor,hamm,mace,jave,,,,
Slayer's,,1,,,30,,4,,125,bar,1,1,,,,,,,phlm,,,,,,,,,,,
Berserker's,,1,,,50,,2,,125,bar,2,2,,,,,,,phlm,,,,,,,,,,,
Shaman's,,1,,,36,,4,,125,dru,1,1,,,,,,,amul,circ,,,,,,,,,,
Hierophant's,,1,,,90,,2,,125,dru,2,2,,,,,,,amul,circ,,,,,,,,,,
Shaman's,,1,,,30,,4,,125,dru,1,1,,,,,,,club,pelt,,,,,,,,,,
Hierophant's,,1,,,50,,2,,125,dru,2,2,,,,,,,club,pelt,,,,,,,,,,
Magekiller's,,1,,,36,,4,,125,ass,1,1,,,,,,,amul,circ,,,,,,,,,,
Witch-hunter's,,1,,,90,,2,,125,ass,2,2,,,,,,,amul,circ,,,,,,,,,,
Magekiller's,,1,,,30,,4,,125,ass,1,1,,,,,,,h2h,,,,,,,,,,,
Witch-hunter's,,1,,,50,,2,,125,ass,2,2,,,,,,,h2h,,,,,,,,,,,
Compact,,1,,,1,,6,,141,stack,20,40,,,,,,,thro,,,,,,,,,,,
Thin,,1,,,17,,5,,141,stack,41,80,,,,,,,thro,,,,,,,,,,,
Dense,,1,,,38,,4,,141,stack,81,120,,,,,,,thro,,,,,,,,,,,
Consecrated,,1,,,1,,4,,142,att-undead,25,75,dmg-undead,25,75,,,,weap,,,,,,,wand,orb,,,
Pure,,1,,,15,,3,,142,att-undead,76,175,dmg-undead,76,125,,,,weap,,,,,,,wand,orb,,,
Sacred,,1,,,25,,2,,142,att-undead,175,250,dmg-undead,126,200,,,,weap,,,,,,,wand,orb,,,
Hallowed,,1,,,35,,1,,142,att-undead,251,325,dmg-undead,201,275,,,,weap,,,,,,,wand,orb,,,
Divine,,,,,45,,1,,142,att-undead,326,450,dmg-undead,276,350,,,,weap,,,,,,,wand,orb,,,
Pearl,,1,,,18,,1,,142,att-undead,25,50,dmg-undead,25,50,,,,jewl,,,,,,,,,,,
Crimson,,1,,,5,,4,,118,res-fire,5,10,,,,,,,armo,ring,amul,orb,circ,weap,,,,,,
Red,,1,,,15,,4,,103,dmg-min,1,1,,,,,,,lcha,,,,,,,,,,,
Sanguinary,,1,,,45,,4,,103,dmg-min,2,2,,,,,,,lcha,,,,,,,,,,,
Bloody,,,,,75,,4,,103,dmg-min,3,3,,,,,,,lcha,,,,,,,,,,,
Red,,1,,,30,,4,,103,dmg-min,1,1,,,,,,,mcha,,,,,,,,,,,
Sanguinary,,,,,60,,4,,103,dmg-min,2,2,,,,,,,mcha,,,,,,,,,,,
Red,,1,,,90,,4,,103,dmg-min,1,1,,,,,,,scha,,,,,,,,,,,
Jagged,,1,,,7,,4,,104,dmg-max,1,1,,,,,,,lcha,,,,,,,,,,,
Forked,,1,,,37,,4,,104,dmg-max,2,2,,,,,,,lcha,,,,,,,,,,,
Serrated,,,,,67,,4,,104,dmg-max,3,3,,,,,,,lcha,,,,,,,,,,,
Jagged,,1,,,22,,4,,104,dmg-max,1,1,,,,,,,mcha,,,,,,,,,,,
Forked,,,,,52,,4,,104,dmg-max,2,2,,,,,,,mcha,,,,,,,,,,,
Jagged,,1,,,81,,4,,104,dmg-max,1,1,,,,,,,scha,,,,,,,,,,,
Snowflake,,1,,,9,,2,,137,cold-len,25,25,cold-min,1,1,cold-max,2,3,lcha,,,,,,,,,,,
Shivering,,1,,,15,,1,,137,cold-len,25,25,cold-min,2,4,cold-max,4,8,lcha,,,,,,,,,,,
Boreal,,1,,,30,,1,,137,cold-len,25,25,cold-min,5,7,cold-max,9,15,lcha,,,,,,,,,,,
Hibernal,,,,,45,,1,,137,cold-len,25,25,cold-min,8,13,cold-max,16,25,lcha,,,,,,,,,,,
Snowflake,,1,,,18,,2,,137,cold-len,25,25,cold-min,2,3,cold-max,3,5,mcha,,,,,,,,,,,
Shivering,,1,,,29,,1,,137,cold-len,25,25,cold-min,4,5,cold-max,6,10,mcha,,,,,,,,,,,
Boreal,,1,,,49,,1,,137,cold-len,25,25,cold-min,6,10,cold-max,11,20,mcha,,,,,,,,,,,
Hibernal,,,,,69,,1,,137,cold-len,25,25,cold-min,11,15,cold-max,21,30,mcha,,,,,,,,,,,
Snowflake,,1,,,27,,2,,137,cold-len,25,25,cold-min,1,2,cold-max,2,4,scha,,,,,,,,,,,
Shivering,,1,,,42,,1,,137,cold-len,25,25,cold-min,3,4,cold-max,5,8,scha,,,,,,,,,,,
Boreal,,1,,,66,,1,,137,cold-len,25,25,cold-min,5,7,cold-max,9,14,scha,,,,,,,,,,,
Hibernal,,,,,91,,1,,137,cold-len,25,25,cold-min,8,10,cold-max,15,20,scha,,,,,,,,,,,
Ember,,1,,,5,,2,,138,fire-min,1,1,fire-max,2,3,,,,lcha,,,,,,,,,,,
Smoldering,,1,,,15,,1,,138,fire-min,2,3,fire-max,4,7,,,,lcha,,,,,,,,,,,
Smoking,,1,,,28,,1,,138,fire-min,4,7,fire-max,8,19,,,,lcha,,,,,,,,,,,
Flaming,,,,,43,,1,,138,fire-min,8,18,fire-max,20,36,,,,lcha,,,,,,,,,,,
Ember,,1,,,13,,2,,138,fire-min,1,1,fire-max,2,3,,,,mcha,,,,,,,,,,,
Smoldering,,1,,,27,,1,,138,fire-min,2,3,fire-max,4,12,,,,mcha,,,,,,,,,,,
Smoking,,1,,,47,,1,,138,fire-min,4,9,fire-max,13,27,,,,mcha,,,,,,,,,,,
Flaming,,,,,67,,1,,138,fire-min,10,27,fire-max,28,43,,,,mcha,,,,,,,,,,,
Ember,,1,,,21,,2,,138,fire-min,1,1,fire-max,2,3,,,,scha,,,,,,,,,,,
Smoldering,,1,,,40,,1,,138,fire-min,2,3,fire-max,4,10,,,,scha,,,,,,,,,,,
Smoking,,1,,,64,,1,,138,fire-min,4,9,fire-max,11,19,,,,scha,,,,,,,,,,,
Flaming,,,,,89,,1,,138,fire-min,10,19,fire-max,20,29,,,,scha,,,,,,,,,,,
Static,,1,,,7,,2,,139,ltng-min,1,1,ltng-max,4,5,,,,lcha,,,,,,,,,,,
Glowing,,1,,,14,,1,,139,ltng-min,1,1,ltng-max,6,17,,,,lcha,,,,,,,,,,,
Arcing,,1,,,29,,1,,139,ltng-min,1,1,ltng-max,18,44,,,,lcha,,,,,,,,,,,
Shocking,,,,,44,,1,,139,ltng-min,1,1,ltng-max,45,79,,,,lcha,,,,,,,,,,,
Static,,1,,,14,,2,,139,ltng-min,1,1,ltng-max,5,9,,,,mcha,,,,,,,,,,,
Glowing,,1,,,28,,1,,139,ltng-min,1,1,ltng-max,10,26,,,,mcha,,,,,,,,,,,
Arcing,,1,,,48,,1,,139,ltng-min,1,1,ltng-max,27,58,,,,mcha,,,,,,,,,,,
Shocking,,,,,68,,1,,139,ltng-min,1,1,ltng-max,59,90,,,,mcha,,,,,,,,,,,
Static,,1,,,23,,2,,139,ltng-min,1,1,ltng-max,6,11,,,,scha,,,,,,,,,,,
Glowing,,1,,,41,,1,,139,ltng-min,1,1,ltng-max,12,24,,,,scha,,,,,,,,,,,
Arcing,,1,,,65,,1,,139,ltng-min,1,1,ltng-max,25,43,,,,scha,,,,,,,,,,,
Shocking,,,,,90,,1,,139,ltng-min,1,1,ltng-max,44,71,,,,scha,,,,,,,,,,,
Septic,,1,,,1,,2,,140,dmg-pois,18,18,,,,,,,lcha,,,,,,,,,,,
Envenomed,,1,,,12,,1,,140,dmg-pois,39,39,,,,,,,lcha,,,,,,,,,,,
Toxic,,1,,,27,,1,,140,dmg-pois,103,103,,,,,,,lcha,,,,,,,,,,,
Pestilent,,,,,42,,1,,140,dmg-pois,171,171,,,,,,,lcha,,,,,,,,,,,
Septic,,1,,,9,,2,,140,dmg-pois,35,35,,,,,,,mcha,,,,,,,,,,,
Envenomed,,1,,,26,,1,,140,dmg-pois,77,77,,,,,,,mcha,,,,,,,,,,,
Toxic,,1,,,46,,1,,140,dmg-pois,185,185,,,,,,,mcha,,,,,,,,,,,
Pestilent,,,,,66,,1,,140,dmg-pois,299,299,,,,,,,mcha,,,,,,,,,,,
Septic,,1,,,18,,2,,140,dmg-pois,52,52,,,,,,,scha,,,,,,,,,,,
Envenomed,,1,,,39,,1,,140,dmg-pois,128,128,,,,,,,scha,,,,,,,,,,,
Toxic,,1,,,63,,1,,140,dmg-pois,205,205,,,,,,,scha,,,,,,,,,,,
Pestilent,,,,,88,,1,,140,dmg-pois,299,299,,,,,,,scha,,,,,,,,,,,
Tireless,,1,,,1,5,4,,108,regen-stam,10,10,,,,,,,boot,,,,,,,,,,,
Lizard's,,1,,,1,2,4,,115,mana,1,2,,,,,,,armo,ring,amul,rod,orb,,,boot,glov,,,
Azure,,1,,,1,4,3,,117,res-cold,5,5,,,,,,,armo,ring,amul,orb,circ,,,,,,,
Crimson,,1,,,1,4,3,,118,res-fire,5,5,,,,,,,armo,ring,amul,orb,circ,,,,,,,
Tangerine,,1,,,1,4,3,,119,res-ltng,5,5,,,,,,,armo,ring,amul,orb,circ,,,,,,,
Beryl,,1,,,1,4,3,,120,res-pois,5,5,,,,,,,armo,ring,amul,orb,circ,,,,,,,
Godly,,1,,,50,,1,,101,ac%,101,200,,,,,,,armo,,,,,,,,,,,
Cruel,,1,,,56,,1,,105,dmg%,201,300,,,,,,,weap,,,,,,,staf,wand,orb,,