Name,Tier,rare,elite,eliteonly,ilvlreq to spawn,affix type,plvlreq,maxlevel,frequency,group,mod1code,mod1min,mod1max,mod2code,mod2min,mod2max,mod3code,mod3min,mod3max,variance,itype1,itype2,itype3,itype4,itype5,itype6,itype7,etype1,etype2,etype3,etype4,etype5
Accuracy,,,,,,,,,,,,,,,,,,,,,,,,,,,,,,,,
,1,1,1,0,5,prefix,,,10,1,acc,1,2,,,,,,,,Weapon,Jewelry,Chest,,,,,,,,,
,2,1,1,0,15,prefix,,,9,1,acc,3,4,,,,,,,,Weapon,Jewelry,Chest,,,,,,,,,
,3,1,1,0,28,prefix,,,8,1,acc,5,6,,,,,,,,Weapon,Jewelry,Chest,,,,,,,,,
,4,1,1,0,46,prefix,,,7,1,acc,7,8,,,,,,,,Weapon,Jewelry,Chest,,,,,,,,,
,5,1,0,0,68,prefix,,,6,1,acc,9,10,,,,,,,,Weapon,Jewelry,,,,,,,,,,
,6,0,0,0,68,prefix,,,5,1,acc,11,15,,,,,,,,Weapon,,,,,,,,,,,
Strength,,,,,,,,,,,,,,,,,,,,,,,,,,,,,,,,
,1,1,1,0,1,prefix,,,10,2,str,1,3,,,,,,,,Jewelry,,,,,,,,,,,
,2,1,1,0,6,prefix,,,9,2,str,4,7,,,,,,,,Jewelry,,,,,,,,,,,
,3,1,1,0,20,prefix,,,8,2,str,8,11,,,,,,,,Jewelry,,,,,,,,,,,
,4,1,1,0,40,prefix,,,7,2,str,12,15,,,,,,,,Jewelry,,,,,,,,,,,
,5,1,0,0,73,prefix,,,6,2,str,16,20,,,,,,,,Jewelry,,,,,,,,,,,
,6,0,0,0,88,prefix,,,5,2,str,21,25,,,,,,,,Jewelry,,,,,,,,,,,
,,,,,,,,,,,,,,,,,,,,,,,,,,,,,,,,
,1,1,1,0,1,prefix,,,10,2,str,1,3,,,,,,,,Melee Weapon,,,,,,,,,,,
,2,1,1,0,9,prefix,,,9,2,str,4,7,,,,,,,,Melee Weapon,,,,,,,,,,,
,3,1,1,0,24,prefix,,,8,2,str,8,11,,,,,,,,Melee Weapon,,,,,,,,,,,
,4,1,0,0,55,prefix,,,7,2,str,12,15,,,,,,,,Melee Weapon,,,,,,,,,,,
,5,0,0,0,65,prefix,,,6,2,str,16,20,,,,,,,,Melee Weapon,,,,,,,,,,,
,,,,,,,,,,,,,,,,,,,,,,,,,,,,,,,,
,1,1,1,0,1,prefix,,,10,2,str,1,3,,,,,,,,Armor,,,,,,,,,,,
,2,1,1,0,10,prefix,,,9,2,str,4,7,,,,,,,,Armor,,,,,,,,,,,
,3,1,1,0,28,prefix,,,8,2,str,8,11,,,,,,,,Armor,,,,,,,,,,,
,,,,,,,,,,,,,,,,,,,,,,,,,,,,,,,,
,,,,,,,,,,,,,,,,,,,,,,,,,,,,,,,,
Dexterity,,,,,,,,,,,,,,,,,,,,,,,,,,,,,,,,
,1,1,1,0,1,,,,10,3,dex,1,3,,,,,,,,Jewelry,,,,,,,,,,,
,2,1,1,0,6,,,,9,3,dex,4,7,,,,,,,,Jewelry,,,,,,,,,,,
,3,1,1,0,20,,,,8,3,dex,8,11,,,,,,,,Jewelry,,,,,,,,,,,
,4,1,1,0,40,,,,7,3,dex,12,15,,,,,,,,Jewelry,,,,,,,,,,,
,5,1,0,0,73,,,,6,3,dex,16,20,,,,,,,,Jewelry,,,,,,,,,,,
,6,0,0,0,88,,,,5,3,dex,21,25,,,,,,,,Jewelry,,,,,,,,,,,
,,,,,,,,,,,,,,,,,,,,,,,,,,,,,,,,
,1,1,1,0,1,,,,10,3,dex,1,3,,,,,,,,Range Weapon,,,,,,,,,,,
,2,1,1,0,9,,,,9,3,dex,4,7,,,,,,,,Range Weapon,,,,,,,,,,,
,3,1,1,0,24,,,,8,3,dex,8,11,,,,,,,,Range Weapon,,,,,,,,,,,
,4,1,0,0,55,,,,7,3,dex,12,15,,,,,,,,Range Weapon,,,,,,,,,,,
,5,0,0,0,65,,,,6,3,dex,16,20,,,,,,,,Range Weapon,,,,,,,,,,,
,,,,,,,,,,,,,,,,,,,,,,,,,,,,,,,,
,1,1,1,0,1,,,,10,3,dex,1,3,,,,,,,,Armor,,,,,,,,,,,
,2,1,1,0,10,,,,9,3,dex,4,7,,,,,,,,Armor,,,,,,,,,,,
,3,1,1,0,28,,,,8,3,dex,8,11,,,,,,,,Armor,,,,,,,,,,,
Intelligence,,,,,,,,,,,,,,,,,,,,,,,,,,,,,,,,
,1,1,1,0,1,,,,10,4,int,1,3,,,,,,,,Jewelry,,,,,,,,,,,
,2,1,1,0,6,,,,9,4,int,4,7,,,,,,,,Jewelry,,,,,,,,,,,
,3,1,1,0,20,,,,8,4,int,8,11,,,,,,,,Jewelry,,,,,,,,,,,
,4,1,1,0,40,,,,7,4,int,12,15,,,,,,,,Jewelry,,,,,,,,,,,
,5,1,0,0,73,,,,6,4,int,16,20,,,,,,,,Jewelry,,,,,,,,,,,
,6,0,0,0,88,,,,5,4,int,21,25,,,,,,,,Jewelry,,,,,,,,,,,
,,,,,,,,,,,,,,,,,,,,,,,,,,,,,,,,
,1,1,1,0,1,,,,10,4,int,1,3,,,,,,,,Magic Weapon,,,,,,,,,,,
,2,1,1,0,9,,,,9,4,int,4,7,,,,,,,,Magic Weapon,,,,,,,,,,,
,3,1,1,0,24,,,,8,4,int,8,11,,,,,,,,Magic Weapon,,,,,,,,,,,
,4,1,0,0,55,,,,7,4,int,12,15,,,,,,,,Magic Weapon,,,,,,,,,,,
,5,0,0,0,65,,,,6,4,int,16,20,,,,,,,,Magic Weapon,,,,,,,,,,,
,,,,,,,,,,,,,,,,,,,,,,,,,,,,,,,,
,1,1,1,0,1,,,,10,4,int,1,3,,,,,,,,Armor,,,,,,,,,,,
,2,1,1,0,10,,,,9,4,int,4,7,,,,,,,,Armor,,,,,,,,,,,
,3,1,1,0,28,,,,8,4,int,8,11,,,,,,,,Armor,,,,,,,,,,,
Agility,,,,,,,,,,,,,,,,,,,,,,,,,,,,,,,,
,1,1,1,0,1,,,,10,5,agi,1,3,,,,,,,,Jewelry,,,,,,,,,,,
,2,1,1,0,6,,,,9,5,agi,4,7,,,,,,,,Jewelry,,,,,,,,,,,
,3,1,1,0,20,,,,8,5,agi,8,11,,,,,,,,Jewelry,,,,,,,,,,,
,4,1,1,0,40,,,,7,5,agi,12,15,,,,,,,,Jewelry,,,,,,,,,,,
,5,1,0,0,73,,,,6,5,agi,16,20,,,,,,,,Jewelry,,,,,,,,,,,
,6,0,0,0,88,,,,5,5,agi,21,25,,,,,,,,Jewelry,,,,,,,,,,,
,,,,,,,,,,,,,,,,,,,,,,,,,,,,,,,,
,1,1,1,0,1,,,,10,5,agi,1,3,,,,,,,,Weapon,,,,,,,,,,,
,2,1,1,0,9,,,,9,5,agi,4,7,,,,,,,,Weapon,,,,,,,,,,,
,3,1,1,0,24,,,,8,5,agi,8,11,,,,,,,,Weapon,,,,,,,,,,,
,4,1,0,0,55,,,,7,5,agi,12,15,,,,,,,,Weapon,,,,,,,,,,,
,5,0,0,0,65,,,,6,5,agi,16,20,,,,,,,,Weapon,,,,,,,,,,,
,,,,,,,,,,,,,,,,,,,,,,,,,,,,,,,,
,1,1,1,0,1,,,,10,5,agi,1,3,,,,,,,,Armor,,,,,,,,,,,
,2,1,1,0,10,,,,9,5,agi,4,7,,,,,,,,Armor,,,,,,,,,,,
,3,1,1,0,28,,,,8,5,agi,8,11,,,,,,,,Armor,,,,,,,,,,,
,,,,,,,,,,,,,,,,,,,,,,,,,,,,,,,,
,,,,,,,,,,,,,,,,,,,,,,,,,,,,,,,,
Defense,,,,,,,,,,,,,,,,,,,,,,,,,,,,,,,,
,1,1,1,0,1,,,,10,6,,1,4,,,,,,,,Armor,,,,,,,,,,,
,2,1,1,0,12,,,,9,6,,5,10,,,,,,,,Armor,,,,,,,,,,,
,3,1,1,0,25,,,,8,6,,11,16,,,,,,,,Armor,,,,,,,,,,,
,4,1,1,0,38,,,,7,6,,17,24,,,,,,,,Armor,,,,,,,,,,,
,5,1,0,0,55,,,,6,6,,25,33,,,,,,,,Armor,,,,,,,,,,,
,6,0,0,0,66,,,,5,6,,34,45,,,,,,,,Armor,,,,,,,,,,,
Heat Damage,,,,,,,,,,,,,,,,,,,,,,,,,,,,,,,,
,1,1,1,0,,,1,,10,7,heat-dmg,mindam,maxdam * plvl,,,,,,,1,Weapon,,,,,,,,,,,
,2,1,1,0,,,2,,8,7,heat-dmg,mindam + 5,maxdam * plvl,,,,,,,1,Weapon,,,,,,,,,,,
,3,1,1,0,,,3,,6,7,heat-dmg,mindam + 10,maxdam * plvl,,,,,,,1,Weapon,,,,,,,,,,,
,4,1,1,0,,,4,,4,7,heat-dmg,mindam + 15,maxdam * plvl,,,,,,,1,Weapon,,,,,,,,,,,
,5,1,1,0,,,5,,2,7,heat-dmg,mindam + 20,maxdam * plvl,,,,,,,1,Weapon,,,,,,,,,,,
,,,,,,,,,,,,,,,,,,,,,,,,,,,,,,,,
Burn Damage,,,,,,,,,,,,,,,,,,,,,,,,,,,,,,,,
,1,1,1,0,,,1,,10,8,burn-dmg,mindam,maxdam * plvl,,,,,,,1,Weapon,,,,,,,,,,,
,2,1,1,0,,,2,,8,8,burn-dmg,mindam + 5,maxdam * plvl,,,,,,,1,Weapon,,,,,,,,,,,
,3,1,1,0,,,3,,6,8,burn-dmg,mindam + 10,maxdam * plvl,,,,,,,1,Weapon,,,,,,,,,,,
,4,1,1,0,,,4,,4,8,burn-dmg,mindam + 15,maxdam * plvl,,,,,,,1,Weapon,,,,,,,,,,,
,5,1,1,0,,,5,,2,8,burn-dmg,mindam + 20,maxdam * plvl,,,,,,,1,Weapon,,,,,,,,,,,
,,,,,,,,,,,,,,,,,,,,,,,,,,,,,,,,
Water Damage,,,,,,,,,,,,,,,,,,,,,,,,,,,,,,,,
,1,1,1,0,,,1,,10,9,water-dmg,mindam,maxdam * plvl,,,,,,,1,Weapon,,,,,,,,,,,
,2,1,1,0,,,2,,8,9,water-dmg,mindam + 5,maxdam * plvl,,,,,,,1,Weapon,,,,,,,,,,,
,3,1,1,0,,,3,,6,9,water-dmg,mindam + 10,maxdam * plvl,,,,,,,1,Weapon,,,,,,,,,,,
,4,1,1,0,,,4,,4,9,water-dmg,mindam + 15,maxdam * plvl,,,,,,,1,Weapon,,,,,,,,,,,
,5,1,1,0,,,5,,2,9,water-dmg,mindam + 20,maxdam * plvl,,,,,,,1,Weapon,,,,,,,,,,,
,,,,,,,,,,,,,,,,,,,,,,,,,,,,,,,,
Ice Damage,,,,,,,,,,,,,,,,,,,,,,,,,,,,,,,,
,1,1,1,0,,,1,,10,10,ice-dmg,mindam,maxdam * plvl,,,,,,,1,Weapon,,,,,,,,,,,
,2,1,1,0,,,2,,8,10,ice-dmg,mindam + 5,maxdam * plvl,,,,,,,1,Weapon,,,,,,,,,,,
,3,1,1,0,,,3,,6,10,ice-dmg,mindam + 10,maxdam * plvl,,,,,,,1,Weapon,,,,,,,,,,,
,4,1,1,0,,,4,,4,10,ice-dmg,mindam + 15,maxdam * plvl,,,,,,,1,Weapon,,,,,,,,,,,
,5,1,1,0,,,5,,2,10,ice-dmg,mindam + 20,maxdam * plvl,,,,,,,1,Weapon,,,,,,,,,,,
,,,,,,,,,,,,,,,,,,,,,,,,,,,,,,,,
Venom Damage,,,,,,,,,,,,,,,,,,,,,,,,,,,,,,,,
,1,1,1,0,,,1,,10,11,venom-dmg,mindam,maxdam * plvl,,,,,,,1,Weapon,,,,,,,,,,,
,2,1,1,0,,,2,,8,11,venom-dmg,mindam + 5,maxdam * plvl,,,,,,,1,Weapon,,,,,,,,,,,
,3,1,1,0,,,3,,6,11,venom-dmg,mindam + 10,maxdam * plvl,,,,,,,1,Weapon,,,,,,,,,,,
,4,1,1,0,,,4,,4,11,venom-dmg,mindam + 15,maxdam * plvl,,,,,,,1,Weapon,,,,,,,,,,,
,5,1,1,0,,,5,,2,11,venom-dmg,mindam + 20,maxdam * plvl,,,,,,,1,Weapon,,,,,,,,,,,
,,,,,,,,,,,,,,,,,,,,,,,,,,,,,,,,
Acid Damage,,,,,,,,,,,,,,,,,,,,,,,,,,,,,,,,
,1,1,1,0,,,1,,10,12,acid-dmg,mindam,maxdam * plvl,,,,,,,1,Weapon,,,,,,,,,,,
,2,1,1,0,,,2,,8,12,acid-dmg,mindam + 5,maxdam * plvl,,,,,,,1,Weapon,,,,,,,,,,,
,3,1,1,0,,,3,,6,12,acid-dmg,mindam + 10,maxdam * plvl,,,,,,,1,Weapon,,,,,,,,,,,
,4,1,1,0,,,4,,4,12,acid-dmg,mindam + 15,maxdam * plvl,,,,,,,1,Weapon,,,,,,,,,,,
,5,1,1,0,,,5,,2,12,acid-dmg,mindam + 20,maxdam * plvl,,,,,,,1,Weapon,,,,,,,,,,,
,,,,,,,,,,,,,,,,,,,,,,,,,,,,,,,,
Lightning Damage,,,,,,,,,,,,,,,,,,,,,,,,,,,,,,,,
,1,1,1,0,,,1,,10,13,light-dmg,mindam,maxdam * plvl,,,,,,,1,Weapon,,,,,,,,,,,
,2,1,1,0,,,2,,8,13,light-dmg,mindam + 5,maxdam * plvl,,,,,,,1,Weapon,,,,,,,,,,,
,3,1,1,0,,,3,,6,13,light-dmg,mindam + 10,maxdam * plvl,,,,,,,1,Weapon,,,,,,,,,,,
,4,1,1,0,,,4,,4,13,light-dmg,mindam + 15,maxdam * plvl,,,,,,,1,Weapon,,,,,,,,,,,
,5,1,1,0,,,5,,2,13,light-dmg,mindam + 20,maxdam * plvl,,,,,,,1,Weapon,,,,,,,,,,,
,,,,,,,,,,,,,,,,,,,,,,,,,,,,,,,,
Spark Damage,,,,,,,,,,,,,,,,,,,,,,,,,,,,,,,,
,1,1,1,0,,,1,,10,14,spark-dmg,mindam,maxdam * plvl,,,,,,,1,Weapon,,,,,,,,,,,
,2,1,1,0,,,2,,8,14,spark-dmg,mindam + 5,maxdam * plvl,,,,,,,1,Weapon,,,,,,,,,,,
,3,1,1,0,,,3,,6,14,spark-dmg,mindam + 10,maxdam * plvl,,,,,,,1,Weapon,,,,,,,,,,,
,4,1,1,0,,,4,,4,14,spark-dmg,mindam + 15,maxdam * plvl,,,,,,,1,Weapon,,,,,,,,,,,
,5,1,1,0,,,5,,2,14,spark-dmg,mindam + 20,maxdam * plvl,,,,,,,1,Weapon,,,,,,,,,,,
,,,,,,,,,,,,,,,,,,,,,,,,,,,,,,,,
Fire Defense,,,,,,,,,,,,,,,,,,,,,,,,,,,,,,,,
,1,1,1,0,,,1,,10,15,fire-def,minblock,maxblock * plvl,,,,,,,1,Shield,,,,,,,,,,,
,2,1,1,0,,,2,,8,15,fire-def,minblock + 5,maxblock * plvl,,,,,,,1,Shield,,,,,,,,,,,
,3,1,1,0,,,3,,6,15,fire-def,minblock + 10,maxblock * plvl,,,,,,,1,Shield,,,,,,,,,,,
,4,1,1,0,,,4,,4,15,fire-def,minblock + 15,maxblock * plvl,,,,,,,1,Shield,,,,,,,,,,,
,5,1,1,0,,,5,,2,15,fire-def,minblock + 20,maxblock * plvl,,,,,,,1,Shield,,,,,,,,,,,
,,,,,,,,,,,,,,,,,,,,,,,,,,,,,,,,
,1,1,1,0,,,1,,10,15,fire-def,plvl + minblock,plvl * 3 + maxblock,,,,,,,1,Magic Weapon,,,,,,,,,,,
,2,1,1,0,,,2,,8,15,fire-def,plvl + minblock,plvl * 3 + maxblock,,,,,,,1,Magic Weapon,,,,,,,,,,,
,3,1,1,0,,,3,,6,15,fire-def,plvl + minblock,plvl * 3 + maxblock,,,,,,,1,Magic Weapon,,,,,,,,,,,
,4,1,1,0,,,4,,4,15,fire-def,plvl + minblock,plvl * 3 + maxblock,,,,,,,1,Magic Weapon,,,,,,,,,,,
,5,1,1,0,,,5,,2,15,fire-def,plvl + minblock,plvl * 3 + maxblock,,,,,,,1,Magic Weapon,,,,,,,,,,,
Cold Defense,,,,,,,,,,,,,,,,,,,,,,,,,,,,,,,,
,1,1,1,0,,,1,,10,16,cold-def,minblock,maxblock * plvl,,,,,,,1,Shield,,,,,,,,,,,
,2,1,1,0,,,2,,8,16,cold-def,minblock + 5,maxblock * plvl,,,,,,,1,Shield,,,,,,,,,,,
,3,1,1,0,,,3,,6,16,cold-def,minblock + 10,maxblock * plvl,,,,,,,1,Shield,,,,,,,,,,,
,4,1,1,0,,,4,,4,16,cold-def,minblock + 15,maxblock * plvl,,,,,,,1,Shield,,,,,,,,,,,
,5,1,1,0,,,5,,2,16,cold-def,minblock + 20,maxblock * plvl,,,,,,,1,Shield,,,,,,,,,,,
,,,,,,,,,,,,,,,,,,,,,,,,,,,,,,,,
,1,1,1,0,,,1,,10,16,cold-def,plvl + minblock,plvl * 3 + maxblock,,,,,,,1,Magic Weapon,,,,,,,,,,,
,2,1,1,0,,,2,,8,16,cold-def,plvl + minblock,plvl * 3 + maxblock,,,,,,,1,Magic Weapon,,,,,,,,,,,
,3,1,1,0,,,3,,6,16,cold-def,plvl + minblock,plvl * 3 + maxblock,,,,,,,1,Magic Weapon,,,,,,,,,,,
,4,1,1,0,,,4,,4,16,cold-def,plvl + minblock,plvl * 3 + maxblock,,,,,,,1,Magic Weapon,,,,,,,,,,,
,5,1,1,0,,,5,,2,16,cold-def,plvl + minblock,plvl * 3 + maxblock,,,,,,,1,Magic Weapon,,,,,,,,,,,
Poison Defense,,,,,,,,,,,,,,,,,,,,,,,,,,,,,,,,
,1,1,1,0,,,1,,10,17,psn-def,minblock,maxblock * plvl,,,,,,,1,Shield,,,,,,,,,,,
,2,1,1,0,,,2,,8,17,psn-def,minblock + 5,maxblock * plvl,,,,,,,1,Shield,,,,,,,,,,,
,3,1,1,0,,,3,,6,17,psn-def,minblock + 10,maxblock * plvl,,,,,,,1,Shield,,,,,,,,,,,
,4,1,1,0,,,4,,4,17,psn-def,minblock + 15,maxblock * plvl,,,,,,,1,Shield,,,,,,,,,,,
,5,1,1,0,,,5,,2,17,psn-def,minblock + 20,maxblock * plvl,,,,,,,1,Shield,,,,,,,,,,,
,,,,,,,,,,,,,,,,,,,,,,,,,,,,,,,,
,1,1,1,0,,,1,,10,17,psn-def,plvl + minblock,plvl * 3 + maxblock,,,,,,,1,Magic Weapon,,,,,,,,,,,
,2,1,1,0,,,2,,8,17,psn-def,plvl + minblock,plvl * 3 + maxblock,,,,,,,1,Magic Weapon,,,,,,,,,,,
,3,1,1,0,,,3,,6,17,psn-def,plvl + minblock,plvl * 3 + maxblock,,,,,,,1,Magic Weapon,,,,,,,,,,,
,4,1,1,0,,,4,,4,17,psn-def,plvl + minblock,plvl * 3 + maxblock,,,,,,,1,Magic Weapon,,,,,,,,,,,
,5,1,1,0,,,5,,2,17,psn-def,plvl + minblock,plvl * 3 + maxblock,,,,,,,1,Magic Weapon,,,,,,,,,,,
Electric Defense,,,,,,,,,,,,,,,,,,,,,,,,,,,,,,,,
,1,1,1,0,,,1,,10,18,elec-def,minblock,maxblock * plvl,,,,,,,1,Shield,,,,,,,,,,,
,2,1,1,0,,,2,,8,18,elec-def,minblock + 5,maxblock * plvl,,,,,,,1,Shield,,,,,,,,,,,
,3,1,1,0,,,3,,6,18,elec-def,minblock + 10,maxblock * plvl,,,,,,,1,Shield,,,,,,,,,,,
,4,1,1,0,,,4,,4,18,elec-def,minblock + 15,maxblock * plvl,,,,,,,1,Shield,,,,,,,,,,,
,5,1,1,0,,,5,,2,18,elec-def,minblock + 20,maxblock * plvl,,,,,,,1,Shield,,,,,,,,,,,
,,,,,,,,,,,,,,,,,,,,,,,,,,,,,,,,
,1,1,1,0,,,1,,10,18,elec-def,plvl + minblock,plvl * 3 + maxblock,,,,,,,1,Magic Weapon,,,,,,,,,,,
,2,1,1,0,,,2,,8,18,elec-def,plvl + minblock,plvl * 3 + maxblock,,,,,,,1,Magic Weapon,,,,,,,,,,,
,3,1,1,0,,,3,,6,18,elec-def,plvl + minblock,plvl * 3 + maxblock,,,,,,,1,Magic Weapon,,,,,,,,,,,
,4,1,1,0,,,4,,4,18,elec-def,plvl + minblock,plvl * 3 + maxblock,,,,,,,1,Magic Weapon,,,,,,,,,,,
,5,1,1,0,,,5,,2,18,elec-def,plvl + minblock,plvl * 3 + maxblock,,,,,,,1,Magic Weapon,,,,,,,,,,,
Heat Defense,,,,,,,,,,,,,,,,,,,,,,,,,,,,,,,,
,1,1,1,0,,,1,,10,19,heat-def,minblock,maxblock * plvl,,,,,,,1,Shield,,,,,,,,,,,
,2,1,1,0,,,2,,8,19,heat-def,minblock + 5,maxblock * plvl,,,,,,,1,Shield,,,,,,,,,,,
,3,1,1,0,,,3,,6,19,heat-def,minblock + 10,maxblock * plvl,,,,,,,1,Shield,,,,,,,,,,,
,4,1,1,0,,,4,,4,19,heat-def,minblock + 15,maxblock * plvl,,,,,,,1,Shield,,,,,,,,,,,
,5,1,1,0,,,5,,2,19,heat-def,minblock + 20,maxblock * plvl,,,,,,,1,Shield,,,,,,,,,,,
,,,,,,,,,,,,,,,,,,,,,,,,,,,,,,,,
,1,1,1,0,,,1,,10,19,heat-def,plvl + minblock,plvl * 3 + maxblock,,,,,,,1,Magic Weapon,,,,,,,,,,,
,2,1,1,0,,,2,,8,19,heat-def,plvl + minblock,plvl * 3 + maxblock,,,,,,,1,Magic Weapon,,,,,,,,,,,
,3,1,1,0,,,3,,6,19,heat-def,plvl + minblock,plvl * 3 + maxblock,,,,,,,1,Magic Weapon,,,,,,,,,,,
,4,1,1,0,,,4,,4,19,heat-def,plvl + minblock,plvl * 3 + maxblock,,,,,,,1,Magic Weapon,,,,,,,,,,,
,5,1,1,0,,,5,,2,19,heat-def,plvl + minblock,plvl * 3 + maxblock,,,,,,,1,Magic Weapon,,,,,,,,,,,
Burn Defense,,,,,,,,,,,,,,,,,,,,,,,,,,,,,,,,
,1,1,1,0,,,1,,10,20,burn-def,minblock,maxblock * plvl,,,,,,,1,Shield,,,,,,,,,,,
,2,1,1,0,,,2,,8,20,burn-def,minblock + 5,maxblock * plvl,,,,,,,1,Shield,,,,,,,,,,,
,3,1,1,0,,,3,,6,20,burn-def,minblock + 10,maxblock * plvl,,,,,,,1,Shield,,,,,,,,,,,
,4,1,1,0,,,4,,4,20,burn-def,minblock + 15,maxblock * plvl,,,,,,,1,Shield,,,,,,,,,,,
,5,1,1,0,,,5,,2,20,burn-def,minblock + 20,maxblock * plvl,,,,,,,1,Shield,,,,,,,,,,,
,,,,,,,,,,,,,,,,,,,,,,,,,,,,,,,,
,1,1,1,0,,,1,,10,20,burn-def,plvl + minblock,plvl * 3 + maxblock,,,,,,,1,Magic Weapon,,,,,,,,,,,
,2,1,1,0,,,2,,8,20,burn-def,plvl + minblock,plvl * 3 + maxblock,,,,,,,1,Magic Weapon,,,,,,,,,,,
,3,1,1,0,,,3,,6,20,burn-def,plvl + minblock,plvl * 3 + maxblock,,,,,,,1,Magic Weapon,,,,,,,,,,,
,4,1,1,0,,,4,,4,20,burn-def,plvl + minblock,plvl * 3 + maxblock,,,,,,,1,Magic Weapon,,,,,,,,,,,
,5,1,1,0,,,5,,2,20,burn-def,plvl + minblock,plvl * 3 + maxblock,,,,,,,1,Magic Weapon,,,,,,,,,,,
Water Defense,,,,,,,,,,,,,,,,,,,,,,,,,,,,,,,,
,1,1,1,0,,,1,,10,21,water-def,minblock,maxblock * plvl,,,,,,,1,Shield,,,,,,,,,,,
,2,1,1,0,,,2,,8,21,water-def,minblock + 5,maxblock * plvl,,,,,,,1,Shield,,,,,,,,,,,
,3,1,1,0,,,3,,6,21,water-def,minblock + 10,maxblock * plvl,,,,,,,1,Shield,,,,,,,,,,,
,4,1,1,0,,,4,,4,21,water-def,minblock + 15,maxblock * plvl,,,,,,,1,Shield,,,,,,,,,,,
,5,1,1,0,,,5,,2,21,water-def,minblock + 20,maxblock * plvl,,,,,,,1,Shield,,,,,,,,,,,
,,,,,,,,,,,,,,,,,,,,,,,,,,,,,,,,
,1,1,1,0,,,1,,10,21,water-def,plvl + minblock,plvl * 3 + maxblock,,,,,,,1,Magic Weapon,,,,,,,,,,,
,2,1,1,0,,,2,,8,21,water-def,plvl + minblock,plvl * 3 + maxblock,,,,,,,1,Magic Weapon,,,,,,,,,,,
,3,1,1,0,,,3,,6,21,water-def,plvl + minblock,plvl * 3 + maxblock,,,,,,,1,Magic Weapon,,,,,,,,,,,
,4,1,1,0,,,4,,4,21,water-def,plvl + minblock,plvl * 3 + maxblock,,,,,,,1,Magic Weapon,,,,,,,,,,,
,5,1,1,0,,,5,,2,21,water-def,plvl + minblock,plvl * 3 + maxblock,,,,,,,1,Magic Weapon,,,,,,,,,,,
Ice Defense,,,,,,,,,,,,,,,,,,,,,,,,,,,,,,,,
,1,1,1,0,,,1,,10,22,ice-def,minblock,maxblock * plvl,,,,,,,1,Shield,,,,,,,,,,,
,2,1,1,0,,,2,,8,22,ice-def,minblock + 5,maxblock * plvl,,,,,,,1,Shield,,,,,,,,,,,
,3,1,1,0,,,3,,6,22,ice-def,minblock + 10,maxblock * plvl,,,,,,,1,Shield,,,,,,,,,,,
,4,1,1,0,,,4,,4,22,ice-def,minblock + 15,maxblock * plvl,,,,,,,1,Shield,,,,,,,,,,,
,5,1,1,0,,,5,,2,22,ice-def,minblock + 20,maxblock * plvl,,,,,,,1,Shield,,,,,,,,,,,
,,,,,,,,,,,,,,,,,,,,,,,,,,,,,,,,
,1,1,1,0,,,1,,10,22,ice-def,plvl + minblock,plvl * 3 + maxblock,,,,,,,1,Magic Weapon,,,,,,,,,,,
,2,1,1,0,,,2,,8,22,ice-def,plvl + minblock,plvl * 3 + maxblock,,,,,,,1,Magic Weapon,,,,,,,,,,,
,3,1,1,0,,,3,,6,22,ice-def,plvl + minblock,plvl * 3 + maxblock,,,,,,,1,Magic Weapon,,,,,,,,,,,
,4,1,1,0,,,4,,4,22,ice-def,plvl + minblock,plvl * 3 + maxblock,,,,,,,1,Magic Weapon,,,,,,,,,,,
,5,1,1,0,,,5,,2,22,ice-def,plvl + minblock,plvl * 3 + maxblock,,,,,,,1,Magic Weapon,,,,,,,,,,,
Venom Defense,,,,,,,,,,,,,,,,,,,,,,,,,,,,,,,,
,1,1,1,0,,,1,,10,23,venom-def,minblock,maxblock * plvl,,,,,,,1,Shield,,,,,,,,,,,
,2,1,1,0,,,2,,8,23,venom-def,minblock + 5,maxblock * plvl,,,,,,,1,Shield,,,,,,,,,,,
,3,1,1,0,,,3,,6,23,venom-def,minblock + 10,maxblock * plvl,,,,,,,1,Shield,,,,,,,,,,,
,4,1,1,0,,,4,,4,23,venom-def,minblock + 15,maxblock * plvl,,,,,,,1,Shield,,,,,,,,,,,
,5,1,1,0,,,5,,2,23,venom-def,minblock + 20,maxblock * plvl,,,,,,,1,Shield,,,,,,,,,,,
,,,,,,,,,,,,,,,,,,,,,,,,,,,,,,,,
,1,1,1,0,,,1,,10,23,venom-def,plvl + minblock,plvl * 3 + maxblock,,,,,,,1,Magic Weapon,,,,,,,,,,,
,2,1,1,0,,,2,,8,23,venom-def,plvl + minblock,plvl * 3 + maxblock,,,,,,,1,Magic Weapon,,,,,,,,,,,
,3,1,1,0,,,3,,6,23,venom-def,plvl + minblock,plvl * 3 + maxblock,,,,,,,1,Magic Weapon,,,,,,,,,,,
,4,1,1,0,,,4,,4,23,venom-def,plvl + minblock,plvl * 3 + maxblock,,,,,,,1,Magic Weapon,,,,,,,,,,,
,5,1,1,0,,,5,,2,23,venom-def,plvl + minblock,plvl * 3 + maxblock,,,,,,,1,Magic Weapon,,,,,,,,,,,
Acid Defense,,,,,,,,,,,,,,,,,,,,,,,,,,,,,,,,
,1,1,1,0,,,1,,10,24,acid-def,minblock,maxblock * plvl,,,,,,,1,Shield,,,,,,,,,,,
,2,1,1,0,,,2,,8,24,acid-def,minblock + 5,maxblock * plvl,,,,,,,1,Shield,,,,,,,,,,,
,3,1,1,0,,,3,,6,24,acid-def,minblock + 10,maxblock * plvl,,,,,,,1,Shield,,,,,,,,,,,
,4,1,1,0,,,4,,4,24,acid-def,minblock + 15,maxblock * plvl,,,,,,,1,Shield,,,,,,,,,,,
,5,1,1,0,,,5,,2,24,acid-def,minblock + 20,maxblock * plvl,,,,,,,1,Shield,,,,,,,,,,,
,,,,,,,,,,,,,,,,,,,,,,,,,,,,,,,,
,1,1,1,0,,,1,,10,24,acid-def,plvl + minblock,plvl * 3 + maxblock,,,,,,,1,Magic Weapon,,,,,,,,,,,
,2,1,1,0,,,2,,8,24,acid-def,plvl + minblock,plvl * 3 + maxblock,,,,,,,1,Magic Weapon,,,,,,,,,,,
,3,1,1,0,,,3,,6,24,acid-def,plvl + minblock,plvl * 3 + maxblock,,,,,,,1,Magic Weapon,,,,,,,,,,,
,4,1,1,0,,,4,,4,24,acid-def,plvl + minblock,plvl * 3 + maxblock,,,,,,,1,Magic Weapon,,,,,,,,,,,
,5,1,1,0,,,5,,2,24,acid-def,plvl + minblock,plvl * 3 + maxblock,,,,,,,1,Magic Weapon,,,,,,,,,,,
Lightning Defense,,,,,,,,,,,,,,,,,,,,,,,,,,,,,,,,
,1,1,1,0,,,1,,10,25,light-def,minblock,maxblock * plvl,,,,,,,1,Shield,,,,,,,,,,,
,2,1,1,0,,,2,,8,25,light-def,minblock + 5,maxblock * plvl,,,,,,,1,Shield,,,,,,,,,,,
,3,1,1,0,,,3,,6,25,light-def,minblock + 10,maxblock * plvl,,,,,,,1,Shield,,,,,,,,,,,
,4,1,1,0,,,4,,4,25,light-def,minblock + 15,maxblock * plvl,,,,,,,1,Shield,,,,,,,,,,,
,5,1,1,0,,,5,,2,25,light-def,minblock + 20,maxblock * plvl,,,,,,,1,Shield,,,,,,,,,,,
,,,,,,,,,,,,,,,,,,,,,,,,,,,,,,,,
,1,1,1,0,,,1,,10,25,light-def,plvl + minblock,plvl * 3 + maxblock,,,,,,,1,Magic Weapon,,,,,,,,,,,
,2,1,1,0,,,2,,8,25,light-def,plvl + minblock,plvl * 3 + maxblock,,,,,,,1,Magic Weapon,,,,,,,,,,,
,3,1,1,0,,,3,,6,25,light-def,plvl + minblock,plvl * 3 + maxblock,,,,,,,1,Magic Weapon,,,,,,,,,,,
,4,1,1,0,,,4,,4,25,light-def,plvl + minblock,plvl * 3 + maxblock,,,,,,,1,Magic Weapon,,,,,,,,,,,
,5,1,1,0,,,5,,2,25,light-def,plvl + minblock,plvl * 3 + maxblock,,,,,,,1,Magic Weapon,,,,,,,,,,,
Spark Defense,,,,,,,,,,,,,,,,,,,,,,,,,,,,,,,,
,1,1,1,0,,,1,,10,26,spark-def,minblock,maxblock * plvl,,,,,,,1,Shield,,,,,,,,,,,
,2,1,1,0,,,2,,8,26,spark-def,minblock + 5,maxblock * plvl,,,,,,,1,Shield,,,,,,,,,,,
,3,1,1,0,,,3,,6,26,spark-def,minblock + 10,maxblock * plvl,,,,,,,1,Shield,,,,,,,,,,,
,4,1,1,0,,,4,,4,26,spark-def,minblock + 15,maxblock * plvl,,,,,,,1,Shield,,,,,,,,,,,
,5,1,1,0,,,5,,2,26,spark-def,minblock + 20,maxblock * plvl,,,,,,,1,Shield,,,,,,,,,,,
,,,,,,,,,,,,,,,,,,,,,,,,,,,,,,,,
,1,1,1,0,,,1,,10,26,spark-def,plvl + minblock,plvl * 3 + maxblock,,,,,,,1,Magic Weapon,,,,,,,,,,,
,2,1,1,0,,,2,,8,26,spark-def,plvl + minblock,plvl * 3 + maxblock,,,,,,,1,Magic Weapon,,,,,,,,,,,
,3,1,1,0,,,3,,6,26,spark-def,plvl + minblock,plvl * 3 + maxblock,,,,,,,1,Magic Weapon,,,,,,,,,,,
,4,1,1,0,,,4,,4,26,spark-def,plvl + minblock,plvl * 3 + maxblock,,,,,,,1,Magic Weapon,,,,,,,,,,,
,5,1,1,0,,,5,,2,26,spark-def,plvl + minblock,plvl * 3 + maxblock,,,,,,,1,Magic Weapon,,,,,,,,,,,
Enhanced Fire ,,,,,,,,,,,,,,,,,,,,,,,,,,,,,,,,
,1,1,1,0,1,,,,10,27,enh-fire,10,20,,,,,,,,Weapon,Shield,,,,,,,,,,
,2,1,1,0,10,,,,9,27,enh-fire,21,30,,,,,,,,Weapon,Shield,,,,,,,,,,
,3,1,1,0,22,,,,8,27,enh-fire,31,45,,,,,,,,Weapon,Shield,,,,,,,,,,
,4,1,1,0,37,,,,7,27,enh-fire,46,60,,,,,,,,Weapon,Shield,,,,,,,,,,
,5,1,0,0,55,,,,6,27,enh-fire,61,80,,,,,,,,Weapon,Shield,,,,,,,,,,
,6,0,0,0,80,,,,5,27,enh-fire,81,ilvl,,,,,,,,Weapon,Shield,,,,,,,,,,
Enhanced Cold ,,,,,,,,,,,,,,,,,,,,,,,,,,,,,,,,
,1,1,1,0,1,,,,10,28,enh-cold,10,20,,,,,,,,Weapon,Shield,,,,,,,,,,
,2,1,1,0,10,,,,9,28,enh-cold,21,30,,,,,,,,Weapon,Shield,,,,,,,,,,
,3,1,1,0,22,,,,8,28,enh-cold,31,45,,,,,,,,Weapon,Shield,,,,,,,,,,
,4,1,1,0,37,,,,7,28,enh-cold,46,60,,,,,,,,Weapon,Shield,,,,,,,,,,
,5,1,0,0,55,,,,6,28,enh-cold,61,80,,,,,,,,Weapon,Shield,,,,,,,,,,
,6,0,0,0,80,,,,5,28,enh-cold,81,ilvl,,,,,,,,Weapon,Shield,,,,,,,,,,
Enhanced Electric ,,,,,,,,,,,,,,,,,,,,,,,,,,,,,,,,
,1,1,1,0,1,,,,10,29,enh-light,10,20,,,,,,,,Weapon,Shield,,,,,,,,,,
,2,1,1,0,10,,,,9,29,enh-light,21,30,,,,,,,,Weapon,Shield,,,,,,,,,,
,3,1,1,0,22,,,,8,29,enh-light,31,45,,,,,,,,Weapon,Shield,,,,,,,,,,
,4,1,1,0,37,,,,7,29,enh-light,46,60,,,,,,,,Weapon,Shield,,,,,,,,,,
,5,1,0,0,55,,,,6,29,enh-light,61,80,,,,,,,,Weapon,Shield,,,,,,,,,,
,6,0,0,0,80,,,,5,29,enh-light,81,ilvl,,,,,,,,Weapon,Shield,,,,,,,,,,
Enhanced Poison ,,,,,,,,,,,,,,,,,,,,,,,,,,,,,,,,
,1,1,1,0,1,,,,10,30,enh-pois,10,20,,,,,,,,Weapon,Shield,,,,,,,,,,
,2,1,1,0,10,,,,9,30,enh-pois,21,30,,,,,,,,Weapon,Shield,,,,,,,,,,
,3,1,1,0,22,,,,8,30,enh-pois,31,45,,,,,,,,Weapon,Shield,,,,,,,,,,
,4,1,1,0,37,,,,7,30,enh-pois,46,60,,,,,,,,Weapon,Shield,,,,,,,,,,
,5,1,0,0,55,,,,6,30,enh-pois,61,80,,,,,,,,Weapon,Shield,,,,,,,,,,
,6,0,0,0,80,,,,5,30,enh-pois,81,ilvl,,,,,,,,Weapon,Shield,,,,,,,,,,
Critical Strike,,,,,,,,,,,,,,,,,,,,,,,,,,,,,,,,
,1,0,1,1,10,,,,10,31,crit,2,3,,,,,,,,Weapon,Jewelry,,,,,,,,,,
,2,0,1,1,22,,,,9,31,crit,4,5,,,,,,,,Weapon,Jewelry,,,,,,,,,,
,3,0,1,1,40,,,,8,31,crit,6,8,,,,,,,,Weapon,,,,,,,,,,,
,4,0,1,1,53,,,,7,31,crit,9,11,,,,,,,,Weapon,,,,,,,,,,,
,5,0,1,1,75,,,,6,31,crit,12,15,,,,,,,,Weapon,,,,,,,,,,,
First Strike,,,,,,,,,,,,,,,,,,,,,,,,,,,,,,,,
,1,0,1,1,20,,,,,32,first-str,20,20,,,,,,,,Weapon,"//Note: First strike = if your character attacks first, this weapon deals 20% more damage",,,,,,,,,,
Life Steal,,,,,,,,,,,,,,,,,,,,,,,,,,,,,,,,
,1,0,1,1,5,,,,10,33,life-ste,1,2,,,,,,,,Weapon,Jewelry,Armor,,,,,,,,,
,2,0,1,1,16,,,,9,33,life-ste,3,4,,,,,,,,Weapon,Jewelry,Armor,,,,,,,,,
,3,0,1,1,28,,,,8,33,life-ste,5,6,,,,,,,,Weapon,Jewelry,Armor,,,,,,,,,
,4,0,1,1,44,,,,7,33,life-ste,7,8,,,,,,,,Weapon,,,,,,,,,,,
,5,0,1,1,60,,,,6,33,life-ste,9,10,,,,,,,,Weapon,,,,,,,,,,,
Mana Steal,,,,,,,,,,,,,,,,,,,,,,,,,,,,,,,,
,1,0,1,1,5,,,,10,34,mana-ste,1,2,,,,,,,,Weapon,Jewelry,Armor,,,,,,,,,
,2,0,1,1,16,,,,9,34,mana-ste,3,4,,,,,,,,Weapon,Jewelry,Armor,,,,,,,,,
,3,0,1,1,28,,,,8,34,mana-ste,5,6,,,,,,,,Weapon,Jewelry,Armor,,,,,,,,,
,4,0,1,1,44,,,,7,34,mana-ste,7,8,,,,,,,,Weapon,,,,,,,,,,,
,5,0,1,1,60,,,,6,34,mana-ste,9,10,,,,,,,,Weapon,,,,,,,,,,,
Life Per Attack,,,,,,,,,,,,,,,,,,,,,,,,,,,,,,,,
,1,1,1,0,16,,,,10,35,life-per,1,2,,,,,,,,Weapon,,,,,,,,,,,
,2,1,1,0,24,,,,9,35,life-per,3,4,,,,,,,,Weapon,,,,,,,,,,,
,3,1,1,0,35,,,,8,35,life-per,5,7,,,,,,,,Weapon,,,,,,,,,,,
,4,1,0,0,52,,,,7,35,life-per,8,10,,,,,,,,Weapon,,,,,,,,,,,
,5,0,0,0,60,,,,6,35,life-per,11,15,,,,,,,,Weapon,//Note: Local on Weapon,,,,,,,,,,
,,,,,,,,,,,,,,,,,,,,,,,,,,,,,,,,
,1,1,1,0,20,,,,10,35,life-per,1,2,,,,,,,,Armor,Jewelry,,,,,,,,,,
,2,1,1,0,41,,,,8,35,life-per,3,4,,,,,,,,Armor,Jewelry,,,,,,,,,,
,3,0,0,0,62,,,,6,35,life-per,5,7,,,,,,,,Armor,Jewelry,,,,,,,,,,
Mana Per Attack,,,,,,,,,,,,,,,,,,,,,,,,,,,,,,,,
,1,1,1,0,16,,,,10,36,mana-per,1,2,,,,,,,,Weapon,,,,,,,,,,,
,2,1,1,0,24,,,,9,36,mana-per,3,4,,,,,,,,Weapon,,,,,,,,,,,
,3,1,1,0,35,,,,8,36,mana-per,5,7,,,,,,,,Weapon,,,,,,,,,,,
,4,1,0,0,52,,,,7,36,mana-per,8,10,,,,,,,,Weapon,,,,,,,,,,,
,5,0,0,0,60,,,,6,36,mana-per,11,15,,,,,,,,Weapon,//Note: Local on Weapon,,,,,,,,,,
,,,,,,,,,,,,,,,,,,,,,,,,,,,,,,,,
,1,1,1,0,20,,,,10,36,mana-per,1,2,,,,,,,,Armor,Jewelry,,,,,,,,,,
,2,1,1,0,41,,,,8,36,mana-per,3,4,,,,,,,,Armor,Jewelry,,,,,,,,,,
,3,0,0,0,62,,,,6,36,mana-per,5,7,,,,,,,,Armor,Jewelry,,,,,,,,,,
Reflect Fire ,,,,,,,,,,,,,,,,,,,,,,,,,,,,,,,,
,1,1,1,0,12,,,,10,37,refl-fire,4,6,,,,,,,,Shield,,,,,,,,,,,
,2,1,1,0,20,,,,9,37,refl-fire,7,10,,,,,,,,Shield,,,,,,,,,,,
,3,1,1,0,30,,,,8,37,refl-fire,11,15,,,,,,,,Shield,,,,,,,,,,,
,4,1,1,0,45,,,,7,37,refl-fire,16,20,,,,,,,,Shield,,,,,,,,,,,
,5,1,1,0,60,,,,6,37,refl-fire,21,25,,,,,,,,Shield,,,,,,,,,,,
,6,0,1,1,60,,,,5,37,refl-fire,26,50,,,,,,,,Shield,,,,,,,,,,,
,,,,,,,,,,,,,,,,,,,,,,,,,,,,,,,,
,1,1,1,0,23,,,,10,37,refl-fire,3,5,,,,,,,,Weapon,,,,,,,,,,,
,2,1,1,0,40,,,,8,37,refl-fire,6,8,,,,,,,,Weapon,,,,,,,,,,,
,3,0,1,1,60,,,,6,37,refl-fire,9,15,,,,,,,,Weapon,,,,,,,,,,,
Reflect Cold ,,,,,,,,,,,,,,,,,,,,,,,,,,,,,,,,
,1,1,1,0,12,,,,10,37,refl-cold,4,6,,,,,,,,Shield,,,,,,,,,,,
,2,1,1,0,20,,,,9,37,refl-cold,7,10,,,,,,,,Shield,,,,,,,,,,,
,3,1,1,0,30,,,,8,37,refl-cold,11,15,,,,,,,,Shield,,,,,,,,,,,
,4,1,1,0,45,,,,7,37,refl-cold,16,20,,,,,,,,Shield,,,,,,,,,,,
,5,1,1,0,60,,,,6,37,refl-cold,21,25,,,,,,,,Shield,,,,,,,,,,,
,6,0,1,1,60,,,,5,37,refl-cold,26,50,,,,,,,,Shield,,,,,,,,,,,
,,,,,,,,,,,,,,,,,,,,,,,,,,,,,,,,
,1,1,1,0,23,,,,10,37,refl-cold,3,5,,,,,,,,Weapon,,,,,,,,,,,
,2,1,1,0,40,,,,8,37,refl-cold,6,8,,,,,,,,Weapon,,,,,,,,,,,
,3,0,1,1,60,,,,6,37,refl-cold,9,15,,,,,,,,Weapon,,,,,,,,,,,
Reflect Poison ,,,,,,,,,,,,,,,,,,,,,,,,,,,,,,,,
,1,1,1,0,12,,,,10,37,refl-pois,4,6,,,,,,,,Shield,,,,,,,,,,,
,2,1,1,0,20,,,,9,37,refl-pois,7,10,,,,,,,,Shield,,,,,,,,,,,
,3,1,1,0,30,,,,8,37,refl-pois,11,15,,,,,,,,Shield,,,,,,,,,,,
,4,1,1,0,45,,,,7,37,refl-pois,16,20,,,,,,,,Shield,,,,,,,,,,,
,5,1,1,0,60,,,,6,37,refl-pois,21,25,,,,,,,,Shield,,,,,,,,,,,
,6,0,1,1,60,,,,5,37,refl-pois,26,50,,,,,,,,Shield,,,,,,,,,,,
,,,,,,,,,,,,,,,,,,,,,,,,,,,,,,,,
,1,1,1,0,23,,,,10,37,refl-pois,3,5,,,,,,,,Weapon,,,,,,,,,,,
,2,1,1,0,40,,,,8,37,refl-pois,6,8,,,,,,,,Weapon,,,,,,,,,,,
,3,0,1,1,60,,,,6,37,refl-pois,9,15,,,,,,,,Weapon,,,,,,,,,,,
Reflect Electric ,,,,,,,,,,,,,,,,,,,,,,,,,,,,,,,,
,1,1,1,0,12,,,,10,37,refl-elec,4,6,,,,,,,,Shield,,,,,,,,,,,
,2,1,1,0,20,,,,9,37,refl-elec,7,10,,,,,,,,Shield,,,,,,,,,,,
,3,1,1,0,30,,,,8,37,refl-elec,11,15,,,,,,,,Shield,,,,,,,,,,,
,4,1,1,0,45,,,,7,37,refl-elec,16,20,,,,,,,,Shield,,,,,,,,,,,
,5,1,1,0,60,,,,6,37,refl-elec,21,25,,,,,,,,Shield,,,,,,,,,,,
,6,0,1,1,60,,,,5,37,refl-elec,26,50,,,,,,,,Shield,,,,,,,,,,,
,,,,,,,,,,,,,,,,,,,,,,,,,,,,,,,,
,1,1,1,0,23,,,,10,37,refl-elec,3,5,,,,,,,,Weapon,,,,,,,,,,,
,2,1,1,0,40,,,,8,37,refl-elec,6,8,,,,,,,,Weapon,,,,,,,,,,,
,3,0,1,1,60,,,,6,37,refl-elec,9,15,,,,,,,,Weapon,,,,,,,,,,,
Reflect Heat ,,,,,,,,,,,,,,,,,,,,,,,,,,,,,,,,
,1,1,1,0,12,,,,10,38,refl-heat,5,7,,,,,,,,Shield,,,,,,,,,,,
,2,1,1,0,20,,,,9,38,refl-heat,8,12,,,,,,,,Shield,,,,,,,,,,,
,3,1,1,0,30,,,,8,38,refl-heat,13,18,,,,,,,,Shield,,,,,,,,,,,
,4,1,1,0,45,,,,7,38,refl-heat,19,25,,,,,,,,Shield,,,,,,,,,,,
,5,1,1,0,60,,,,6,38,refl-heat,26,35,,,,,,,,Shield,,,,,,,,,,,
,6,0,1,1,60,,,,5,38,refl-heat,36,50,,,,,,,,Shield,,,,,,,,,,,
,,,,,,,,,,,,,,,,,,,,,,,,,,,,,,,,
,1,1,1,0,23,,,,10,38,refl-heat,3,6,,,,,,,,Weapon,,,,,,,,,,,
,2,1,1,0,40,,,,8,38,refl-heat,7,10,,,,,,,,Weapon,,,,,,,,,,,
,3,0,1,1,60,,,,6,38,refl-heat,11,20,,,,,,,,Weapon,,,,,,,,,,,
Reflect Burn ,,,,,,,,,,,,,,,,,,,,,,,,,,,,,,,,
,1,1,1,0,12,,,,10,38,refl-burn,5,7,,,,,,,,Shield,,,,,,,,,,,
,2,1,1,0,20,,,,9,38,refl-burn,8,12,,,,,,,,Shield,,,,,,,,,,,
,3,1,1,0,30,,,,8,38,refl-burn,13,18,,,,,,,,Shield,,,,,,,,,,,
,4,1,1,0,45,,,,7,38,refl-burn,19,25,,,,,,,,Shield,,,,,,,,,,,
,5,1,1,0,60,,,,6,38,refl-burn,26,35,,,,,,,,Shield,,,,,,,,,,,
,6,0,1,1,60,,,,5,38,refl-burn,36,50,,,,,,,,Shield,,,,,,,,,,,
,,,,,,,,,,,,,,,,,,,,,,,,,,,,,,,,
,1,1,1,0,23,,,,10,38,refl-burn,3,6,,,,,,,,Weapon,,,,,,,,,,,
,2,1,1,0,40,,,,8,38,refl-burn,7,10,,,,,,,,Weapon,,,,,,,,,,,
,3,0,1,1,60,,,,6,38,refl-burn,11,20,,,,,,,,Weapon,,,,,,,,,,,
Reflect Water ,,,,,,,,,,,,,,,,,,,,,,,,,,,,,,,,
,1,1,1,0,12,,,,10,38,refl-wat,5,7,,,,,,,,Shield,,,,,,,,,,,
,2,1,1,0,20,,,,9,38,refl-wat,8,12,,,,,,,,Shield,,,,,,,,,,,
,3,1,1,0,30,,,,8,38,refl-wat,13,18,,,,,,,,Shield,,,,,,,,,,,
,4,1,1,0,45,,,,7,38,refl-wat,19,25,,,,,,,,Shield,,,,,,,,,,,
,5,1,1,0,60,,,,6,38,refl-wat,26,35,,,,,,,,Shield,,,,,,,,,,,
,6,0,1,1,60,,,,5,38,refl-wat,36,50,,,,,,,,Shield,,,,,,,,,,,
,,,,,,,,,,,,,,,,,,,,,,,,,,,,,,,,
,1,1,1,0,23,,,,10,38,refl-wat,3,6,,,,,,,,Weapon,,,,,,,,,,,
,2,1,1,0,40,,,,8,38,refl-wat,7,10,,,,,,,,Weapon,,,,,,,,,,,
,3,0,1,1,60,,,,6,38,refl-wat,11,20,,,,,,,,Weapon,,,,,,,,,,,
Reflect Ice ,,,,,,,,,,,,,,,,,,,,,,,,,,,,,,,,
,1,1,1,0,12,,,,10,38,refl-ice,5,7,,,,,,,,Shield,,,,,,,,,,,
,2,1,1,0,20,,,,9,38,refl-ice,8,12,,,,,,,,Shield,,,,,,,,,,,
,3,1,1,0,30,,,,8,38,refl-ice,13,18,,,,,,,,Shield,,,,,,,,,,,
,4,1,1,0,45,,,,7,38,refl-ice,19,25,,,,,,,,Shield,,,,,,,,,,,
,5,1,1,0,60,,,,6,38,refl-ice,26,35,,,,,,,,Shield,,,,,,,,,,,
,6,0,1,1,60,,,,5,38,refl-ice,36,50,,,,,,,,Shield,,,,,,,,,,,
,,,,,,,,,,,,,,,,,,,,,,,,,,,,,,,,
,1,1,1,0,23,,,,10,38,refl-ice,3,6,,,,,,,,Weapon,,,,,,,,,,,
,2,1,1,0,40,,,,8,38,refl-ice,7,10,,,,,,,,Weapon,,,,,,,,,,,
,3,0,1,1,60,,,,6,38,refl-ice,11,20,,,,,,,,Weapon,,,,,,,,,,,
Reflect Venom ,,,,,,,,,,,,,,,,,,,,,,,,,,,,,,,,
,1,1,1,0,12,,,,10,38,refl-ven,5,7,,,,,,,,Shield,,,,,,,,,,,
,2,1,1,0,20,,,,9,38,refl-ven,8,12,,,,,,,,Shield,,,,,,,,,,,
,3,1,1,0,30,,,,8,38,refl-ven,13,18,,,,,,,,Shield,,,,,,,,,,,
,4,1,1,0,45,,,,7,38,refl-ven,19,25,,,,,,,,Shield,,,,,,,,,,,
,5,1,1,0,60,,,,6,38,refl-ven,26,35,,,,,,,,Shield,,,,,,,,,,,
,6,0,1,1,60,,,,5,38,refl-ven,36,50,,,,,,,,Shield,,,,,,,,,,,
,,,,,,,,,,,,,,,,,,,,,,,,,,,,,,,,
,1,1,1,0,23,,,,10,38,refl-ven,3,6,,,,,,,,Weapon,,,,,,,,,,,
,2,1,1,0,40,,,,8,38,refl-ven,7,10,,,,,,,,Weapon,,,,,,,,,,,
,3,0,1,1,60,,,,6,38,refl-ven,11,20,,,,,,,,Weapon,,,,,,,,,,,
Reflect Acid ,,,,,,,,,,,,,,,,,,,,,,,,,,,,,,,,
,1,1,1,0,12,,,,10,38,refl-acid,5,7,,,,,,,,Shield,,,,,,,,,,,
,2,1,1,0,20,,,,9,38,refl-acid,8,12,,,,,,,,Shield,,,,,,,,,,,
,3,1,1,0,30,,,,8,38,refl-acid,13,18,,,,,,,,Shield,,,,,,,,,,,
,4,1,1,0,45,,,,7,38,refl-acid,19,25,,,,,,,,Shield,,,,,,,,,,,
,5,1,1,0,60,,,,6,38,refl-acid,26,35,,,,,,,,Shield,,,,,,,,,,,
,6,0,1,1,60,,,,5,38,refl-acid,36,50,,,,,,,,Shield,,,,,,,,,,,
,,,,,,,,,,,,,,,,,,,,,,,,,,,,,,,,
,1,1,1,0,23,,,,10,38,refl-acid,3,6,,,,,,,,Weapon,,,,,,,,,,,
,2,1,1,0,40,,,,8,38,refl-acid,7,10,,,,,,,,Weapon,,,,,,,,,,,
,3,0,1,1,60,,,,6,38,refl-acid,11,20,,,,,,,,Weapon,,,,,,,,,,,
Reflect Lightning ,,,,,,,,,,,,,,,,,,,,,,,,,,,,,,,,
,1,1,1,0,12,,,,10,38,refl-lig,5,7,,,,,,,,Shield,,,,,,,,,,,
,2,1,1,0,20,,,,9,38,refl-lig,8,12,,,,,,,,Shield,,,,,,,,,,,
,3,1,1,0,30,,,,8,38,refl-lig,13,18,,,,,,,,Shield,,,,,,,,,,,
,4,1,1,0,45,,,,7,38,refl-lig,19,25,,,,,,,,Shield,,,,,,,,,,,
,5,1,1,0,60,,,,6,38,refl-lig,26,35,,,,,,,,Shield,,,,,,,,,,,
,6,0,1,1,60,,,,5,38,refl-lig,36,50,,,,,,,,Shield,,,,,,,,,,,
,,,,,,,,,,,,,,,,,,,,,,,,,,,,,,,,
,1,1,1,0,23,,,,10,38,refl-lig,3,6,,,,,,,,Weapon,,,,,,,,,,,
,2,1,1,0,40,,,,8,38,refl-lig,7,10,,,,,,,,Weapon,,,,,,,,,,,
,3,0,1,1,60,,,,6,38,refl-lig,11,20,,,,,,,,Weapon,,,,,,,,,,,
Reflect Spark ,,,,,,,,,,,,,,,,,,,,,,,,,,,,,,,,
,1,1,1,0,12,,,,10,38,refl-spa,5,7,,,,,,,,Shield,,,,,,,,,,,
,2,1,1,0,20,,,,9,38,refl-spa,8,12,,,,,,,,Shield,,,,,,,,,,,
,3,1,1,0,30,,,,8,38,refl-spa,13,18,,,,,,,,Shield,,,,,,,,,,,
,4,1,1,0,45,,,,7,38,refl-spa,19,25,,,,,,,,Shield,,,,,,,,,,,
,5,1,1,0,60,,,,6,38,refl-spa,26,35,,,,,,,,Shield,,,,,,,,,,,
,6,0,1,1,60,,,,5,38,refl-spa,36,50,,,,,,,,Shield,,,,,,,,,,,
,,,,,,,,,,,,,,,,,,,,,,,,,,,,,,,,
,1,1,1,0,23,,,,10,38,refl-spa,3,6,,,,,,,,Weapon,,,,,,,,,,,
,2,1,1,0,40,,,,8,38,refl-spa,7,10,,,,,,,,Weapon,,,,,,,,,,,
,3,0,1,1,60,,,,6,38,refl-spa,11,20,,,,,,,,Weapon,,,,,,,,,,,
Plus to All Skills,,,,,,,,,,,,,,,,,,,,,,,,,,,,,,,,
,1,0,1,1,35,,,,1,39,all-sk,1,1,,,,,,,,Jewelry,,,,,,,,,,,
,,,,,,,,,,,,,,,,,,,,,,,,,,,,,,,,
,1,0,1,1,45,,,,1,39,all-sk,1,1,,,,,,,,Chest,,,,,,,,,,,
Plus to Fire Skills,,,,,,,,,,,,,,,,,,,,,,,,,,,,,,,,
,1,1,1,0,30,,,,10,40,fire-sk,1,1,,,,,,,,Jewelry,,,,,,,,,,,
,2,1,1,0,75,,,,5,40,fire-sk,2,2,,,,,,,,Jewelry,,,,,,,,,,,
,1,1,1,0,35,,,,10,40,fire-sk,1,1,,,,,,,,Weapon,Shield,,,,,,,,,,
,2,1,1,0,80,,,,5,40,fire-sk,2,2,,,,,,,,Weapon,Shield,,,,,,,,,,
,,,,,,,,,,,,,,,,,,,,,,,,,,,,,,,,
,,,,,,,,,,,,,,,,,,,,,,,,,,,,,,,,
Plus to Cold Skills,,,,,,,,,,,,,,,,,,,,,,,,,,,,,,,,
,1,1,1,0,30,,,,10,41,cold-sk,1,1,,,,,,,,Jewelry,,,,,,,,,,,
,2,1,1,0,75,,,,5,41,cold-sk,2,2,,,,,,,,Jewelry,,,,,,,,,,,
,1,1,1,0,35,,,,10,41,cold-sk,1,1,,,,,,,,Weapon,Shield,,,,,,,,,,
,2,1,1,0,80,,,,5,41,cold-sk,2,2,,,,,,,,Weapon,Shield,,,,,,,,,,
,,,,,,,,,,,,,,,,,,,,,,,,,,,,,,,,
,,,,,,,,,,,,,,,,,,,,,,,,,,,,,,,,
Plus to Poison Skills,,,,,,,,,,,,,,,,,,,,,,,,,,,,,,,,
,1,1,1,0,30,,,,10,42,psn-sk,1,1,,,,,,,,Jewelry,,,,,,,,,,,
,2,1,1,0,75,,,,5,42,psn-sk,2,2,,,,,,,,Jewelry,,,,,,,,,,,
,1,1,1,0,35,,,,10,42,psn-sk,1,1,,,,,,,,Weapon,Shield,,,,,,,,,,
,2,1,1,0,80,,,,5,42,psn-sk,2,2,,,,,,,,Weapon,Shield,,,,,,,,,,
,,,,,,,,,,,,,,,,,,,,,,,,,,,,,,,,
,,,,,,,,,,,,,,,,,,,,,,,,,,,,,,,,
Plus to Electric Skills,,,,,,,,,,,,,,,,,,,,,,,,,,,,,,,,
,1,1,1,0,30,,,,10,43,elec-sk,1,1,,,,,,,,Jewelry,,,,,,,,,,,
,2,1,1,0,75,,,,5,43,elec-sk,2,2,,,,,,,,Jewelry,,,,,,,,,,,
,1,1,1,0,35,,,,10,43,elec-sk,1,1,,,,,,,,Weapon,Shield,,,,,,,,,,
,2,1,1,0,80,,,,5,43,elec-sk,2,2,,,,,,,,Weapon,Shield,,,,,,,,,,
,,,,,,,,,,,,,,,,,,,,,,,,,,,,,,,,
,,,,,,,,,,,,,,,,,,,,,,,,,,,,,,,,
Plus to Warrior Skills,,,,,,,,,,,,,,,,,,,,,,,,,,,,,,,,
,1,1,1,0,35,,,,10,44,war-sk,1,1,,,,,,,,Jewelry,,,,,,,,,,,
,2,1,1,0,80,,,,5,44,war-sk,2,2,,,,,,,,Jewelry,,,,,,,,,,,
,1,1,1,0,40,,,,10,44,war-sk,1,1,,,,,,,,Weapon,Shield,,,,,,,,,,
,2,1,1,0,85,,,,5,44,war-sk,2,2,,,,,,,,Weapon,Shield,,,,,,,,,,
,,,,,,,,,,,,,,,,,,,,,,,,,,,,,,,,
,,,,,,,,,,,,,,,,,,,,,,,,,,,,,,,,
Plus to Ranger Skills,,,,,,,,,,,,,,,,,,,,,,,,,,,,,,,,
,1,1,1,0,35,,,,10,45,rang-sk,1,1,,,,,,,,Jewelry,,,,,,,,,,,
,2,1,1,0,80,,,,5,45,rang-sk,2,2,,,,,,,,Jewelry,,,,,,,,,,,
,1,1,1,0,40,,,,10,45,rang-sk,1,1,,,,,,,,Weapon,Shield,,,,,,,,,,
,2,1,1,0,85,,,,5,45,rang-sk,2,2,,,,,,,,Weapon,Shield,,,,,,,,,,
,,,,,,,,,,,,,,,,,,,,,,,,,,,,,,,,
,,,,,,,,,,,,,,,,,,,,,,,,,,,,,,,,
Plus to Mage Skills,,,,,,,,,,,,,,,,,,,,,,,,,,,,,,,,
,1,1,1,0,35,,,,10,46,mage-sk,1,1,,,,,,,,Jewelry,,,,,,,,,,,
,2,1,1,0,80,,,,5,46,mage-sk,2,2,,,,,,,,Jewelry,,,,,,,,,,,
,1,1,1,0,40,,,,10,46,mage-sk,1,1,,,,,,,,Weapon,Shield,,,,,,,,,,
,2,1,1,0,85,,,,5,46,mage-sk,2,2,,,,,,,,Weapon,Shield,,,,,,,,,,
,,,,,,,,,,,,,,,,,,,,,,,,,,,,,,,,
,,,,,,,,,,,,,,,,,,,,,,,,,,,,,,,,
Life,,,,,,,,,,,,,,,,,,,,,,,,,,,,,,,,
,1,1,1,0,1,,,,10,47,life,1,3,,,,,,,,Jewelry,Armor,,,,,,,,,,
,2,1,1,0,12,,,,9,47,life,4,6,,,,,,,,Jewelry,Armor,,,,,,,,,,
,3,1,1,0,27,,,,8,47,life,7,10,,,,,,,,Jewelry,Armor,,,,,,,,,,
,4,1,1,0,50,,,,7,47,life,11,15,,,,,,,,Jewelry,Armor,,,,,,,,,,
,5,1,0,0,69,,,,6,47,life,16,20,,,,,,,,Jewelry,Armor,,,,,,,,,,
,6,0,0,0,69,,,,5,47,life,21,30,,,,,,,,Jewelry,Armor,,,,,,,,,,
Mana,,,,,,,,,,,,,,,,,,,,,,,,,,,,,,,,
,1,1,1,0,1,,,,10,48,mana,1,3,,,,,,,,Jewelry,Armor,,,,,,,,,,
,2,1,1,0,12,,,,9,48,mana,4,6,,,,,,,,Jewelry,Armor,,,,,,,,,,
,3,1,1,0,27,,,,8,48,mana,7,10,,,,,,,,Jewelry,Armor,,,,,,,,,,
,4,1,1,0,50,,,,7,48,mana,11,15,,,,,,,,Jewelry,Armor,,,,,,,,,,
,5,1,0,0,69,,,,6,48,mana,16,20,,,,,,,,Jewelry,Armor,,,,,,,,,,
,6,0,0,0,69,,,,5,48,mana,21,30,,,,,,,,Jewelry,Armor,,,,,,,,,,
Life Regeneration,,,,,,,,,,,,,,,,,,,,,,,,,,,,,,,,
,1,1,1,0,10,,,,10,49,life-reg,1,2,,,,,,,,Jewelry,Armor,Weapon,Shield,,,,,,,,
,2,1,1,0,24,,,,9,49,life-reg,3,4,,,,,,,,Jewelry,Armor,Weapon,Shield,,,,,,,,
,3,1,1,0,39,,,,8,49,life-reg,5,7,,,,,,,,Jewelry,Armor,Weapon,Shield,,,,,,,,
,4,1,1,0,56,,,,7,49,life-reg,8,10,,,,,,,,Jewelry,Armor,Weapon,Shield,,,,,,,,
,5,1,0,0,77,,,,6,49,life-reg,11,13,,,,,,,,Jewelry,Armor,Weapon,Shield,,,,,,,,
,6,0,0,0,77,,,,5,49,life-reg,14,17,,,,,,,,Jewelry,Armor,Weapon,Shield,,,,,,,,
Mana Regeneration,,,,,,,,,,,,,,,,,,,,,,,,,,,,,,,,
,1,1,1,0,10,,,,10,50,mana-reg,1,2,,,,,,,,Jewelry,Armor,Weapon,Shield,,,,,,,,
,2,1,1,0,24,,,,9,50,mana-reg,3,4,,,,,,,,Jewelry,Armor,Weapon,Shield,,,,,,,,
,3,1,1,0,39,,,,8,50,mana-reg,5,7,,,,,,,,Jewelry,Armor,Weapon,Shield,,,,,,,,
,4,1,1,0,56,,,,7,50,mana-reg,8,10,,,,,,,,Jewelry,Armor,Weapon,Shield,,,,,,,,
,5,1,0,0,77,,,,6,50,mana-reg,11,13,,,,,,,,Jewelry,Armor,Weapon,Shield,,,,,,,,
,6,0,0,0,77,,,,5,50,mana-reg,14,17,,,,,,,,Jewelry,Armor,Weapon,Shield,,,,,,,,
All Resistances,,,,,,,,,,,,,,,,,,,,,,,,,,,,,,,,
,1,0,1,1,6,,,,10,51,all-res,1,2,,,,,,,,Jewelry,Shield,Chest,Boots,,,,,,,,
,2,0,1,1,13,,,,9,51,all-res,3,4,,,,,,,,Jewelry,Shield,Chest,Boots,,,,,,,,
,3,0,1,1,27,,,,8,51,all-res,5,6,,,,,,,,Jewelry,Shield,Chest,Boots,,,,,,,,
,4,0,1,1,41,,,,7,51,all-res,7,8,,,,,,,,Jewelry,Shield,Chest,,,,,,,,,
,5,0,1,1,60,,,,6,51,all-res,9,10,,,,,,,,Jewelry,,,,,,,,,,,
,,,,,,,,,,,,,,,,,,,,,,,,,,,,,,,,
Fire Resistance,,,,,,,,,,,,,,,,,,,,,,,,,,,,,,,,
,1,1,1,0,1,,,,10,52,fire-res,1,2,,,,,,,,Jewelry,Shield,Chest,Boots,,,,,,,,
,2,1,1,0,9,,,,9,52,fire-res,3,4,,,,,,,,Jewelry,Shield,Chest,Boots,,,,,,,,
,3,1,1,0,19,,,,8,52,fire-res,5,6,,,,,,,,Jewelry,Shield,Chest,Boots,,,,,,,,
,4,1,1,0,34,,,,7,52,fire-res,7,8,,,,,,,,Jewelry,Shield,Chest,Boots,,,,,,,,
,5,1,0,0,49,,,,6,52,fire-res,9,10,,,,,,,,Jewelry,Shield,Chest,,,,,,,,,
,6,0,0,0,49,,,,5,52,fire-res,11,15,,,,,,,,Jewelry,,,,,,,,,,,
Cold Resistance,,,,,,,,,,,,,,,,,,,,,,,,,,,,,,,,
,1,1,1,0,1,,,,10,53,cold-res,1,2,,,,,,,,Jewelry,Shield,Chest,Boots,,,,,,,,
,2,1,1,0,9,,,,9,53,cold-res,3,4,,,,,,,,Jewelry,Shield,Chest,Boots,,,,,,,,
,3,1,1,0,19,,,,8,53,cold-res,5,6,,,,,,,,Jewelry,Shield,Chest,Boots,,,,,,,,
,4,1,1,0,34,,,,7,53,cold-res,7,8,,,,,,,,Jewelry,Shield,Chest,Boots,,,,,,,,
,5,1,0,0,49,,,,6,53,cold-res,9,10,,,,,,,,Jewelry,Shield,Chest,,,,,,,,,
,6,0,0,0,49,,,,5,53,cold-res,11,15,,,,,,,,Jewelry,,,,,,,,,,,
Poison Resistance,,,,,,,,,,,,,,,,,,,,,,,,,,,,,,,,
,1,1,1,0,1,,,,10,54,psn-res,1,2,,,,,,,,Jewelry,Shield,Chest,Boots,,,,,,,,
,2,1,1,0,9,,,,9,54,psn-res,3,4,,,,,,,,Jewelry,Shield,Chest,Boots,,,,,,,,
,3,1,1,0,19,,,,8,54,psn-res,5,6,,,,,,,,Jewelry,Shield,Chest,Boots,,,,,,,,
,4,1,1,0,34,,,,7,54,psn-res,7,8,,,,,,,,Jewelry,Shield,Chest,Boots,,,,,,,,
,5,1,0,0,49,,,,6,54,psn-res,9,10,,,,,,,,Jewelry,Shield,Chest,,,,,,,,,
,6,0,0,0,49,,,,5,54,psn-res,11,15,,,,,,,,Jewelry,,,,,,,,,,,
Electric Resistance,,,,,,,,,,,,,,,,,,,,,,,,,,,,,,,,
,1,1,1,0,1,,,,10,55,elec-res,1,2,,,,,,,,Jewelry,Shield,Chest,Boots,,,,,,,,
,2,1,1,0,9,,,,9,55,elec-res,3,4,,,,,,,,Jewelry,Shield,Chest,Boots,,,,,,,,
,3,1,1,0,19,,,,8,55,elec-res,5,6,,,,,,,,Jewelry,Shield,Chest,Boots,,,,,,,,
,4,1,1,0,34,,,,7,55,elec-res,7,8,,,,,,,,Jewelry,Shield,Chest,Boots,,,,,,,,
,5,1,0,0,49,,,,6,55,elec-res,9,10,,,,,,,,Jewelry,Shield,Chest,,,,,,,,,
,6,0,0,0,49,,,,5,55,elec-res,11,15,,,,,,,,Jewelry,,,,,,,,,,,
Heat Resistance,,,,,,,,,,,,,,,,,,,,,,,,,,,,,,,,
,1,1,1,0,1,,,,10,56,heat-res,1,2,,,,,,,,Jewelry,Shield,Chest,Boots,,,,,,,,
,2,1,1,0,9,,,,9,56,heat-res,3,5,,,,,,,,Jewelry,Shield,Chest,Boots,,,,,,,,
,3,1,1,0,19,,,,8,56,heat-res,6,8,,,,,,,,Jewelry,Shield,Chest,Boots,,,,,,,,
,4,1,1,0,34,,,,7,56,heat-res,9,12,,,,,,,,Jewelry,Shield,Chest,Boots,,,,,,,,
,5,1,0,0,49,,,,6,56,heat-res,13,16,,,,,,,,Jewelry,Shield,Chest,,,,,,,,,
,6,0,0,0,49,,,,5,56,heat-res,17,20,,,,,,,,Jewelry,,,,,,,,,,,
Burn Resistance,,,,,,,,,,,,,,,,,,,,,,,,,,,,,,,,
,1,1,1,0,1,,,,10,57,burn-res,1,2,,,,,,,,Jewelry,Shield,Chest,Boots,,,,,,,,
,2,1,1,0,9,,,,9,57,burn-res,3,5,,,,,,,,Jewelry,Shield,Chest,Boots,,,,,,,,
,3,1,1,0,19,,,,8,57,burn-res,6,8,,,,,,,,Jewelry,Shield,Chest,Boots,,,,,,,,
,4,1,1,0,34,,,,7,57,burn-res,9,12,,,,,,,,Jewelry,Shield,Chest,Boots,,,,,,,,
,5,1,0,0,49,,,,6,57,burn-res,13,16,,,,,,,,Jewelry,Shield,Chest,,,,,,,,,
,6,0,0,0,49,,,,5,57,burn-res,17,20,,,,,,,,Jewelry,,,,,,,,,,,
Ice Resistance,,,,,,,,,,,,,,,,,,,,,,,,,,,,,,,,
,1,1,1,0,1,,,,10,58,ice-res,1,2,,,,,,,,Jewelry,Shield,Chest,Boots,,,,,,,,
,2,1,1,0,9,,,,9,58,ice-res,3,5,,,,,,,,Jewelry,Shield,Chest,Boots,,,,,,,,
,3,1,1,0,19,,,,8,58,ice-res,6,8,,,,,,,,Jewelry,Shield,Chest,Boots,,,,,,,,
,4,1,1,0,34,,,,7,58,ice-res,9,12,,,,,,,,Jewelry,Shield,Chest,Boots,,,,,,,,
,5,1,0,0,49,,,,6,58,ice-res,13,16,,,,,,,,Jewelry,Shield,Chest,,,,,,,,,
,6,0,0,0,49,,,,5,58,ice-res,17,20,,,,,,,,Jewelry,,,,,,,,,,,
Water Resistance,,,,,,,,,,,,,,,,,,,,,,,,,,,,,,,,
,1,1,1,0,1,,,,10,59,wat-res,1,2,,,,,,,,Jewelry,Shield,Chest,Boots,,,,,,,,
,2,1,1,0,9,,,,9,59,wat-res,3,5,,,,,,,,Jewelry,Shield,Chest,Boots,,,,,,,,
,3,1,1,0,19,,,,8,59,wat-res,6,8,,,,,,,,Jewelry,Shield,Chest,Boots,,,,,,,,
,4,1,1,0,34,,,,7,59,wat-res,9,12,,,,,,,,Jewelry,Shield,Chest,Boots,,,,,,,,
,5,1,0,0,49,,,,6,59,wat-res,13,16,,,,,,,,Jewelry,Shield,Chest,,,,,,,,,
,6,0,0,0,49,,,,5,59,wat-res,17,20,,,,,,,,Jewelry,,,,,,,,,,,
Acid Resistance,,,,,,,,,,,,,,,,,,,,,,,,,,,,,,,,
,1,1,1,0,1,,,,10,60,acid-res,1,2,,,,,,,,Jewelry,Shield,Chest,Boots,,,,,,,,
,2,1,1,0,9,,,,9,60,acid-res,3,5,,,,,,,,Jewelry,Shield,Chest,Boots,,,,,,,,
,3,1,1,0,19,,,,8,60,acid-res,6,8,,,,,,,,Jewelry,Shield,Chest,Boots,,,,,,,,
,4,1,1,0,34,,,,7,60,acid-res,9,12,,,,,,,,Jewelry,Shield,Chest,Boots,,,,,,,,
,5,1,0,0,49,,,,6,60,acid-res,13,16,,,,,,,,Jewelry,Shield,Chest,,,,,,,,,
,6,0,0,0,49,,,,5,60,acid-res,17,20,,,,,,,,Jewelry,,,,,,,,,,,
Venom Resistance,,,,,,,,,,,,,,,,,,,,,,,,,,,,,,,,
,1,1,1,0,1,,,,10,61,ven-res,1,2,,,,,,,,Jewelry,Shield,Chest,Boots,,,,,,,,
,2,1,1,0,9,,,,9,61,ven-res,3,5,,,,,,,,Jewelry,Shield,Chest,Boots,,,,,,,,
,3,1,1,0,19,,,,8,61,ven-res,6,8,,,,,,,,Jewelry,Shield,Chest,Boots,,,,,,,,
,4,1,1,0,34,,,,7,61,ven-res,9,12,,,,,,,,Jewelry,Shield,Chest,Boots,,,,,,,,
,5,1,0,0,49,,,,6,61,ven-res,13,16,,,,,,,,Jewelry,Shield,Chest,,,,,,,,,
,6,0,0,0,49,,,,5,61,ven-res,17,20,,,,,,,,Jewelry,,,,,,,,,,,
Lightning Resistance,,,,,,,,,,,,,,,,,,,,,,,,,,,,,,,,
,1,1,1,0,1,,,,10,62,lite-res,1,2,,,,,,,,Jewelry,Shield,Chest,Boots,,,,,,,,
,2,1,1,0,9,,,,9,62,lite-res,3,5,,,,,,,,Jewelry,Shield,Chest,Boots,,,,,,,,
,3,1,1,0,19,,,,8,62,lite-res,6,8,,,,,,,,Jewelry,Shield,Chest,Boots,,,,,,,,
,4,1,1,0,34,,,,7,62,lite-res,9,12,,,,,,,,Jewelry,Shield,Chest,Boots,,,,,,,,
,5,1,0,0,49,,,,6,62,lite-res,13,16,,,,,,,,Jewelry,Shield,Chest,,,,,,,,,
,6,0,0,0,49,,,,5,62,lite-res,17,20,,,,,,,,Jewelry,,,,,,,,,,,
Spark Resistance,,,,,,,,,,,,,,,,,,,,,,,,,,,,,,,,
,1,1,1,0,1,,,,10,63,spa-res,1,2,,,,,,,,Jewelry,Shield,Chest,Boots,,,,,,,,
,2,1,1,0,9,,,,9,63,spa-res,3,5,,,,,,,,Jewelry,Shield,Chest,Boots,,,,,,,,
,3,1,1,0,19,,,,8,63,spa-res,6,8,,,,,,,,Jewelry,Shield,Chest,Boots,,,,,,,,
,4,1,1,0,34,,,,7,63,spa-res,9,12,,,,,,,,Jewelry,Shield,Chest,Boots,,,,,,,,
,5,1,0,0,49,,,,6,63,spa-res,13,16,,,,,,,,Jewelry,Shield,Chest,,,,,,,,,
,6,0,0,0,49,,,,5,63,spa-res,17,20,,,,,,,,Jewelry,,,,,,,,,,,
Freeze Avoidance,,,,,,,,,,,,,,,,,,,,,,,,,,,,,,,,
,1,1,1,0,13,,,,10,64,fre-avo,5,10,,,,,,,,Jewelry,Shield,Chest,Boots,Weapon,,,,,,,
,2,1,1,0,26,,,,9,64,fre-avo,11,15,,,,,,,,Jewelry,Shield,Chest,Boots,Weapon,,,,,,,
,3,1,1,0,40,,,,8,64,fre-avo,16,25,,,,,,,,Jewelry,Shield,Chest,Boots,Weapon,,,,,,,
,4,1,0,0,59,,,,7,64,fre-avo,26,40,,,,,,,,Jewelry,Shield,Chest,Boots,Weapon,,,,,,,
,5,0,0,0,59,,,,6,64,fre-avo,41,60,,,,,,,,Jewelry,Shield,Chest,Boots,Weapon,,,,,,,
,6,0,1,1,66,,,,5,64,fre-avo,100,100,,,,,,,,Jewelry,Shield,Chest,Boots,Weapon,,,,,,,
Blind Avoidance,,,,,,,,,,,,,,,,,,,,,,,,,,,,,,,,
,1,1,1,0,13,,,,10,65,bli-avo,5,10,,,,,,,,Jewelry,Shield,Chest,Boots,Weapon,,,,,,,
,2,1,1,0,26,,,,9,65,bli-avo,11,15,,,,,,,,Jewelry,Shield,Chest,Boots,Weapon,,,,,,,
,3,1,1,0,40,,,,8,65,bli-avo,16,25,,,,,,,,Jewelry,Shield,Chest,Boots,Weapon,,,,,,,
,4,1,0,0,59,,,,7,65,bli-avo,26,40,,,,,,,,Jewelry,Shield,Chest,Boots,Weapon,,,,,,,
,5,0,0,0,59,,,,6,65,bli-avo,41,60,,,,,,,,Jewelry,Shield,Chest,Boots,Weapon,,,,,,,
,6,0,1,1,66,,,,5,65,bli-avo,100,100,,,,,,,,Jewelry,Shield,Chest,Boots,Weapon,,,,,,,
Seared Avoidance,,,,,,,,,,,,,,,,,,,,,,,,,,,,,,,,
,1,1,1,0,13,,,,10,66,sea-avo,5,10,,,,,,,,Jewelry,Shield,Chest,Boots,Weapon,,,,,,,
,2,1,1,0,26,,,,9,66,sea-avo,11,15,,,,,,,,Jewelry,Shield,Chest,Boots,Weapon,,,,,,,
,3,1,1,0,40,,,,8,66,sea-avo,16,25,,,,,,,,Jewelry,Shield,Chest,Boots,Weapon,,,,,,,
,4,1,0,0,59,,,,7,66,sea-avo,26,40,,,,,,,,Jewelry,Shield,Chest,Boots,Weapon,,,,,,,
,5,0,0,0,59,,,,6,66,sea-avo,41,60,,,,,,,,Jewelry,Shield,Chest,Boots,Weapon,,,,,,,
,6,0,1,1,66,,,,5,66,sea-avo,100,100,,,,,,,,Jewelry,Shield,Chest,Boots,Weapon,,,,,,,
Poison Avoidance,,,,,,,,,,,,,,,,,,,,,,,,,,,,,,,,
,1,1,1,0,13,,,,10,67,poi-avo,5,10,,,,,,,,Jewelry,Shield,Chest,Boots,Weapon,,,,,,,
,2,1,1,0,26,,,,9,67,poi-avo,11,15,,,,,,,,Jewelry,Shield,Chest,Boots,Weapon,,,,,,,
,3,1,1,0,40,,,,8,67,poi-avo,16,25,,,,,,,,Jewelry,Shield,Chest,Boots,Weapon,,,,,,,
,4,1,0,0,59,,,,7,67,poi-avo,26,40,,,,,,,,Jewelry,Shield,Chest,Boots,Weapon,,,,,,,
,5,0,0,0,59,,,,6,67,poi-avo,41,60,,,,,,,,Jewelry,Shield,Chest,Boots,Weapon,,,,,,,
,6,0,1,1,66,,,,5,67,poi-avo,100,100,,,,,,,,Jewelry,Shield,Chest,Boots,Weapon,,,,,,,
Evasion %,,,,,,,,,,,,,,,,,,,,,,,,,,,,,,,,
,1,1,1,0,5,,,,10,68,evas,1,2,,,,,,,,Boots,Jewelry,Chest,,,,,,,,,
,2,1,1,0,15,,,,9,68,evas,3,4,,,,,,,,Boots,Jewelry,Chest,,,,,,,,,
,3,1,1,0,28,,,,8,68,evas,5,6,,,,,,,,Boots,Jewelry,Chest,,,,,,,,,
,4,1,1,0,46,,,,7,68,evas,7,8,,,,,,,,Boots,Jewelry,Chest,,,,,,,,,
,5,1,0,0,68,,,,6,68,evas,9,10,,,,,,,,Boots,Jewelry,,,,,,,,,,
,6,0,0,0,68,,,,5,68,evas,11,15,,,,,,,,Boots,,,,,,,,,,,
Speed,,,,,,,,,,,,,,,,,,,,,,,,,,,,,,,,
,1,1,1,0,1,,,,10,69,speed,1,2,,,,,,,,Weapon,Boots,Jewelry,,,,,,,,,
,2,1,1,0,11,,,,9,69,speed,3,4,,,,,,,,Weapon,Boots,Jewelry,,,,,,,,,
,3,1,1,0,26,,,,8,69,speed,5,6,,,,,,,,Weapon,Boots,Jewelry,,,,,,,,,
,4,1,1,0,41,,,,7,69,speed,7,8,,,,,,,,Weapon,Boots,,,,,,,,,,
,5,1,0,0,63,,,,6,69,speed,9,10,,,,,,,,Weapon,Boots,,,,,,,,,,
,6,0,0,0,63,,,,5,69,speed,11,15,,,,,,,,Weapon,,,,,,,,,,,
Magic Find,,,,,,,,,,,,,,,,,,,,,,,,,,,,,,,,
,1,1,1,0,1,,,,10,70,mag-fin,5,10,,,,,,,,Armor,Jewelry,,,,,,,,,,
,2,1,1,0,9,,,,9,70,mag-fin,11,15,,,,,,,,Armor,Jewelry,,,,,,,,,,
,3,1,1,0,20,,,,8,70,mag-fin,16,20,,,,,,,,Armor,Jewelry,,,,,,,,,,
,4,1,1,0,36,,,,7,70,mag-fin,21,25,,,,,,,,Armor,Jewelry,,,,,,,,,,
,5,1,0,0,49,,,,6,70,mag-fin,26,30,,,,,,,,Armor,Jewelry,,,,,,,,,,
,6,0,0,0,60,,,,5,70,mag-fin,31,50,,,,,,,,,Jewelry,,,,,,,,,,
Increased Quantity,,,,,,,,,,,,,,,,,,,,,,,,,,,,,,,,
,1,1,1,0,1,,,,10,71,inc-qty,4,7,,,,,,,,Armor,Jewelry,,,,,,,,,,
,2,1,1,0,9,,,,9,71,inc-qty,8,11,,,,,,,,Armor,Jewelry,,,,,,,,,,
,3,1,1,0,20,,,,8,71,inc-qty,12,15,,,,,,,,Armor,Jewelry,,,,,,,,,,
,4,1,1,0,36,,,,7,71,inc-qty,16,20,,,,,,,,Armor,Jewelry,,,,,,,,,,
,5,1,0,0,49,,,,6,71,inc-qty,21,25,,,,,,,,Armor,Jewelry,,,,,,,,,,
,6,0,0,0,60,,,,5,71,inc-qty,26,35,,,,,,,,,Jewelry,,,,,,,,,,
Power Find,,,,,,,,,,,,,,,,,,,,,,,,,,,,,,,,
,1,0,0,1,10,,,,10,72,pwr-fin,4,7,,,,,,,,Armor,Jewelry,,,,,,,,,,
,2,0,0,1,25,,,,9,72,pwr-fin,8,11,,,,,,,,Armor,Jewelry,,,,,,,,,,
,3,0,0,1,40,,,,8,72,pwr-fin,12,15,,,,,,,,Armor,Jewelry,,,,,,,,,,
,4,0,0,1,55,,,,7,72,pwr-fin,16,20,,,,,,,,Armor,Jewelry,,,,,,,,,,
,5,0,0,1,70,,,,6,72,pwr-fin,21,25,,,,,,,,Armor,Jewelry,,,,,,,,,,
Faster Movement Speed,,,,,,,,,,,,,,,,,,,,,,,,,,,,,,,,
,1,1,1,0,8,,,,10,73,move,5,10,,,,,,,,Boots,,,,,,,,,,,
,2,1,1,0,25,,,,9,73,move,11,15,,,,,,,,Boots,,,,,,,,,,,
,3,1,1,0,39,,,,8,73,move,16,20,,,,,,,,Boots,,,,,,,,,,,
,4,1,1,0,54,,,,7,73,move,21,25,,,,,,,,Boots,,,,,,,,,,,
,5,1,0,0,76,,,,6,73,move,26,30,,,,,,,,Boots,,,,,,,,,,,
,,,,,,,,,,,,,,,,,,,,,,,,,,,,,,,,
Gold Find,,,,,,,,,,,,,,,,,,,,,,,,,,,,,,,,
,1,0,0,1,10,,,,10,74,gol-fin,4,7,,,,,,,,Armor,Jewelry,,,,,,,,,,
,2,0,0,1,25,,,,9,74,gol-fin,8,11,,,,,,,,Armor,Jewelry,,,,,,,,,,
,3,0,0,1,40,,,,8,74,gol-fin,12,15,,,,,,,,Armor,Jewelry,,,,,,,,,,
,4,0,0,1,55,,,,7,74,gol-fin,16,20,,,,,,,,Armor,Jewelry,,,,,,,,,,
Sockets,,,,,,,,,,,,,,,,,,,,,,,,,,,,,,,,
,1,1,1,0,1,,,,10,75,sock,1,1,,,,,,,,Chest,Weapon,Shield,,,,,,,,,
,2,1,1,0,22,,,,9,75,sock,2,2,,,,,,,,Chest,Weapon,Shield,,,,,,,,,
,3,0,0,0,47,,,,8,75,sock,3,3,,,,,,,,Chest,Weapon,Shield,,,,,,,,,
,4,0,0,0,60,,,,6,75,sock,4,4,,,,,,,,Chest,Weapon,Shield,,,,,,,,,
